airtable_id,autonomous_obstacle_bypass,vna_capable,grid_required,navigation_type,rotation_capable,stacking_capability,base_model_id,model_name,max_speed,product_type,battery_type,infrastructure_free,autonomous_charging,max_payload,extension_id,source_notes,lifting_height,rack_pin_compatible,station_applications,picking_mechanism,workflow_capability,vda5050_compatible,load_type,safety_standard,fleet_management_system,integration_capability,industries_served,free_lift_open_closed_pallet,forks_free_floating,auto_hitch,multi_fleet_capable,outdoor_capable,min_aisle_width,manual_usage,route_type,towing_capacity,train_configuration,coupling_type,trailer_steering_technology,mast_type,load_detection,operating_temp_min,vehicle_width,route_programming,safety_coverage,vehicle_length,functional_safety_level,fleet_control_architecture,operating_temp_max,battery_swap_capable,max_gradient,drive_type,omnidirectional_movement,lift_height,min_turning_radius,intersection_management,top_module_type,max_fleet_size,battery_runtime,charge_time,special_fork_option,cleanroom_class,drop_accuracy_dep,ingress_protection_rating,min_ground_clearance,operating_humidity_max,drop_accuracy_lat,stop_accuracy,turning_radius,multi_load_compatibility,max_trailers,guidance,humidity_control_capable,onboard_container_count,onboard_ui,floor_flatness_req,onboard_container_type,trailer_unloading,trailer_loading,storage_system_type,min_total_height,pick_req_accuracy_lat,fork_spread,stock_line_scanning,busbar_compatible,barcode_readers,shelf_height,wms_integration_native,room_volume_max,refrigerant_types,temperature_stability,certifications_ik,cooling_medium,temperature_min,served_categories,cop_efficiency,cooling_capacity,shelf_footprint,throughput_basis,ergonomic_height_adjustable,pulldown_time,blast_freeze_capacity,throughput_picks_per_hour,trailer_compatibility
rec0GW0lMicfTUqI5,true,False,False,Natural Feature (SLAM),true,False,recuwsdkqBc03DGSe,OTTO 750,2,Mobile AMR,Li-Ion,True,true,750,95a6cd1e-cb23-425a-b1eb-0bd4accb42fb,,,,,,,,,,,,,,,,,,,,,,,,,,,,,,,,,,,,,,,,,,,,,,,,,,,,,,,,,,,,,,,,,,,,,,,,,,,,,,,,,,,,,,,,,
rec1MgoaOAnLmA6Vr,,False,False,Natural Feature (SLAM),,True,rec1kPgYb9nFB7uNO,VisionNav VNP20,,Forklift AGV,,True,true,2000,ddcc2924-7f35-4f6a-b265-cb1436400cc6,OEM visionnav.com VNP20 — HIGH confidence. Lift height variant-dependent; NULL until confirmed.,3000,,,,,,,,,,,,,,,,,,,,,,,,,,,,,,,,,,,,,,,,,,,,,,,,,,,,,,,,,,,,,,,,,,,,,,,,,,,,,,,,,,,,,,,
rec1XNusKj1QP9GU7,true,False,False,Natural Feature (SLAM),,False,reck6XYJg6nsuzoT7,idealworks iw.hub + Pallet Dock,2.2,Mobile AMR,Li-Ion,True,true,1000,9d14352b-0202-4dd5-8387-53e9e440f334,idealworks.com/news Sep 2025; pallet-dock enables pallet-level handoff without forklift,,False,Floor|Pallet Dock transfer station,None,Transport,True,Pallet EUR,ISO 3691-4,VDA 5050 compatible|Open API,SAP|WMS|ERP|REST API,Automotive|General Manufacturing,False,False,False,true,,,,,,,,,,,,,,,,,,,,,,,,,,,,,,,,,,,,,,,,,,,,,,,,,,,,,,,,,,,,,,,,,,,,,,,,,
rec1g3cOwQQ1kZ8bi,,False,False,Natural Feature (SLAM),,True,rec6AltmygpSpDhFz,Stäubli FL1500,,Forklift AGV,,True,true,1500,ebb61a70-7f87-4920-9160-ddfdac864699,OEM product page name 'FL1500 (1.5t)' — MEDIUM confidence. Datasheet PDF 403-blocked; lift height/speed NULL until manually verified.,3205,,,,,,,,,,,,,,,False,,,,,,,,,,,,,,,,,,,,,,,,,,,,,,,,,,,,,,,,,,,,,,,,,,,,,,,,,,,,,,,,,,,,,,,,
rec1h7P3Wlb8Kr7Il,,False,False,Natural Feature (SLAM),,True,recOaX47RST2c545R,Linde R-MATIC,1.95,Forklift AGV,,True,true,1600,54df413e-96c5-428d-9b7a-e12ad87a33dc,,11000,False,,,,True,,,,,,,,,,False,2900,true,,,,,,,,,,,,,,,,,,,,,,,,,,,,,,,,,,,,,,,,,,,,,,,,,,,,,,,,,,,,,,,,,,,,,,
rec1oziIyl9sJIH3c,,False,False,Magnetic Tape|Natural Feature (SLAM),,False,recCMEGkzXynOqLIH,Kivnon K11 Two-Way,,Tugger AGV,Li-Ion,,true,,d962433a-edcd-46a3-817d-df2d7fd781af,omniairobot.com/k11; bidirectional; 5000kg; 2010x500x280mm; magnetic OR SLAM,,,,,,True,None,None (CE/TÜV marks only),VDA 5050 compatible|Open API,MES|ERP|WMS,Automotive|General Manufacturing,,,True,,,,,Flexible Route,5000,Tugger + trailers,Automatic,Passive caster,,,,,,,,,,,,,,,,,,,,,,,,,,,,,,,,,,,,,,,,,,,,,,,,,,,,,,,,,,,,,,,,,
rec20JBXYHgSroU20,,False,False,Natural Feature (SLAM),,,recczv6eiqoQYYFvw,MAXOLUTION LA005,,Mobile AMR,,True,true,300,8d202716-3de8-49ff-ae69-104b8407d946,,,,,,,True,,,,,,,,,,,,,,,,,,,,,,,,,,,,,,,,,,,,,,,,,,,,,,,,,,,,,,,,,,,,,,,,,,,,,,,,,,,,,,,,,,
rec33DiQVU7aOiWr7,,False,,Natural Feature (SLAM),true,False,rec1BqgdLzrnMBiSU,Hikrobot Q7-1000E,2,Mobile AMR,,True,,1000,38d9302e-0d0d-44dd-b046-663d1ea72384,,,,,,,,,,,,,,,,,,,,,,,,,,,,,,,,,,,,,,,,,,,,,,,,,,,,,,,,,,,,,,,,,,,,,,,,,,,,,,,,,,,,,,,,,
rec3ET7L78I80uavS,,False,False,Laser Reflector|Natural Feature (SLAM),,True,rec8Msw5GBuVC1J3g,Toyota Staxio SAE160 Autopilot,2.22,Forklift AGV,Lead-Acid|Li-Ion,,true,1600,631afe62-ee13-45b1-b9c0-f705c92ae073,"Walkie stacker — Straddle Stacker type (support arms/legs straddle the load). Specs from official Toyota datasheet (TP-746908-040, v13, 2019-03-05). Two mast configs: SAE160 Duplex Tele (h23 lift 2350mm) and Triplex Hi-Lo (h23 lift 4700mm, free lift 1592mm) — entry uses the Triplex Hi-Lo (max-lift) variant. Overall width 930mm; overall length 2261mm (DX Tele, 1200 fork, large battery compartment). Travel speed auto mode 8.0 km/h drive direction (2.22 m/s); 1.1 km/h fork direction (4.3 km/h with optional fork-direction scanner). Max gradeability 6% laden / 10% unladen. Battery 24V/500Ah lead-acid standard (345-403 kg); auto-charging Li-Ion optional. Sideway battery change → battery_swap_capable=1. 'Laser precision navigation' — Toyota Autopilot range supports reflector OR natural OR dual; navigation_type set to dual, infrastructure_required left null (config-dependent). Min aisle width (auto mode, rotate-on-point, PPS muted, 800×1200 short-side, DX Tele) = 2686mm per datasheet (AU product page's 3200mm figure superseded). Load detection & fork-tip sensors (Mechanical/Tactile). Manual handling supported (Automatic/Pedestrian operator type). Onboard information display. Laser class 1 (IEC 60825-1); sound <70 dB(A) per EN 12053. Safety: CAT3 PLd. Op temp 0–40°C.

Source: https://toyota-forklifts.eu/globalassets/50-local-library/cz/downloads/agv-technicke-listy/sae160-technicky-list.pdf/",4700,,,,Transport,,Pallet EUR|Pallet ISO|Roll Container,,Proprietary (T-ONE),WMS|ERP,,,,,,,2686,true,Flexible Route,,,,,Duplex|Triplex,Mechanical/Tactile,0,930,Map-based,Single plane (2D),2261,PLd,Centralized,40,true,6,Straddle Stacker,,,,,,,,,,,,,,,,,,,,,,,,,,,,,,,,,,,,,,,,,,,,,,,,,,,,
rec3NZLAUxkttEnqa,true,False,False,Natural Feature (SLAM),true,False,recQQXuI6G2tjJ9mO,AGILOX ODM 600/800,,Mobile AMR,Li-Ion,True,true,300,eefcdfa2-7ae1-42f4-ae21-86ab9b291063,agilox.net/products; dolly/small-cart mover; up to 300kg,,,,None,Transport,False,Roll Container|Custom Carrier (dolly),ISO 3691-4 (verify),Proprietary (X-SWARM),WMS|REST API,Automotive|General Manufacturing,,,,,,,,,,,,,,,,,,,,,Decentralized/Swarm,,,,,true,250,0,,,,,,,,,,,,,,,,,,,,,,,,,,,,,,,,,,,,,,,,,,,,,,,,,
rec3b3HCslXekuA2B,true,False,False,Natural Feature (SLAM),true,False,rec2Vn6bJpLSvTp6d,Omron HD-1500,1.8,Mobile AMR,,True,true,1500,02dee130-0167-47b5-bbab-2980e67fce28,"Heavy-duty transport AMR, 1500kg payload. Natural Feature SLAM with safety-rated laser. PLd/SIL3 certified safety controller (both ratings claimed in brochure). Onboard Omron NX1 controller: EtherNet/IP, Safety over EtherCAT, OPC-UA, IO-Link. 9h runtime at full payload; very fast 24-min charge (20-80%). Max slope 5° = 8.75%. Standards: EN 1525 (legacy), ANSI B56.5, ISO 13849. Battery type not explicitly stated in brochure (battery_type=null). Overall dimensions not published. Target industries: Automotive, Semiconductor, Medical, Consumer products.

Source: https://assets.omron.eu/downloads/brochure/en/v2/v118_hd-1500_heavy_duty_mobile_robot_brochure_en.pdf",,,,None,Transport,,Custom Carrier,EN 1525 (legacy)|ANSI/ITSDF B56.5,Proprietary (FLOW Core),WMS|ERP|MES|OPC-UA,,,,,true,,,,Flexible Route,,,,,,,,,Map-based,Single plane (2D),,PLd,Centralized,,,8.75,,,,,true,Custom,100,9,24,,,,,,,,,,,,,,,,,,,,,,,,,,,,,,,,,,,,,,,,,,,,
rec3cCMqMyG9FtMXE,,True,False,Laser Reflector,,True,recrdi9kXsRB8kSs1,E80 Trilateral LGV,1.5,Forklift AGV,Li-Ion (Flash Battery),False,true,1600,9087761d-4db4-42c2-b9a9-37ece80c370e,"mobile-robots.com/elettric-80; 1.6t, 1.5m/s; trilateral high-density",12000,,,,,,Pallet EUR|Pallet ISO,ISO 3691-4 (verify),Proprietary,WMS|ERP,F&B|Retail,,,,,,1500,,,,,,,,,,,,,,,Centralized,,,,VNA Turret,,,,,,,,,Telescopic,,,,,,,,,,,,,,,,,,,,,,,,,,,,,,,,,,,,,,,,,,,
rec3pbd3mssS561ry,true,False,False,Natural Feature (SLAM),true,False,recnCggvDbHCpaHbc,MiR250,2,Mobile AMR,Li-Ion,True,true,250,d59e6f91-3c7c-4554-85ab-f70040c136ae,"mobile-industrial-robots.com/mir250/specifications (OFFICIAL, fetched): docking ±3mm/±0.5°yaw; IP21 listed (some docs IP20); cleanroom ISO4 opt; 12 safety functions",,False,,None,Transport,True,Tote|Custom Carrier,ISO 3691-4|ANSI/ITSDF B56.5,Open API,WMS|REST API|MQTT|Modbus,F&B|Pharma|Automotive|E-Commerce|3PL,,,,,False,,true,,,,,,,,5,580,,,800,PLd (verify),Centralized,40,true,5,,,,,,Lift|Hook|Shelf Carrier|Conveyor|Roller|Cobot arm,,13,10,,ISO 4 (optional),3,IP20,300,95,3,3,,,,,,,,,,,,,,,,,,,,,,,,,,,,,,,,,,,,
rec4FGyaAPlUbzIru,,False,False,Laser Reflector,,True,recQBQEd19G4BY6Su,E80 Reach LGV,1.5,Forklift AGV,Li-Ion (Flash Battery),False,true,3000,2c164bf9-3b15-47bf-81f0-1a87e645ed76,"agvnetwork.com/e80-reach-lgv; 3t, 12m, 3.5m turning, 1.5m/s",12000,,,,,,Pallet EUR|Pallet ISO|Custom Carrier,ISO 3691-4 (verify),Proprietary,WMS|ERP,F&B|Retail,,,,,,,,,,,,,,,,,,,,,Centralized,,,,Reach Truck,,,,,,,,,,,,,,,,,3500,,,,,,,,,,,,,,,,,,,,,,,,,,,,,,,,,,,
rec4Fmh441M4ujz4o,,False,False,Natural Feature (SLAM),,True,rec3QiQ6IrVLBYfPu,Alstef GF12,,Forklift AGV,,,true,,e74e4279-8e16-43c5-933f-d195ac4781db,,8000,,,,,,,,,,,,,,,,,,,,,,,,,,,,,,,,,,,,,,,,,,,,,,,,,,,,,,,,,,,,,,,,,,,,,,,,,,,,,,,,,,,,,,,
rec4PtfgRTcGmsj6W,,False,False,Natural Feature (SLAM)|Contour|Laser Reflector,,True,rec2HoRXotWZqq1mf,DS AMADEUS Counter,1.8,Forklift AGV,Li-Ion|Lead-Acid,,true,1200,80145571-5f1a-49b2-b5e7-40c62d04a17e,"ds-automotion.com LogiMAT 2023; 1.2t, 2.8m; counterbalanced → free front; AMR+AGV hybrid (plannable autonomy) || Manual note from user research, 2026-08-06 (ENRICHMENT ONLY, no existing value overwritten): Nutzlast max 1,2 t (bestaetigt bestehende 1200). 'Sonst gleicher Block wie wide' -> max_speed=1.8 (neu), battery_swap_capable=True (neu), 'Lead-Acid' zu battery_type ergaenzt, 'Laser Reflector' zu navigation_type ergaenzt. Einsatz: Paletten/Gitterboxen quer, Gestelle mit Staplerlaschen, Bodenstellplaetze, Uebergabestation (muss zwischen Radarme passen). FLAG: 'muss zwischen Radarme passen' deutet auf eine Radarm-/Straddle-Bauform hin, waehrend der Datensatz drive_type='Counterbalanced' fuehrt -- bewusst unveraendert gelassen und geflaggt.",2800,,Floor|Conveyor|Machine cell|Standard rack,,,True,Pallet EUR|Pallet ISO|Plastic Bin,ISO 3691-4,VDA 5050 compatible|Open API,SAP|WMS|REST API,Automotive|General Manufacturing|F&B,,True,,,,,true,,,,,,,,,,,,,,Centralized,,true,,Counterbalanced,,,,,,,,,,,,,,,,,,True,,,,,,,,,,,,,,,,,,,,,,,,,,,,,,,,,,
rec4wpIwiUMu4bDXN,true,True,False,Laser Reflector,,True,recQ3eodHZ9ZFufxZ,Alstef GT16,2.5,Forklift AGV,,,true,1200,5d608b26-3211-4023-a9f6-9cdec8571bb5,"VNA (Very Narrow Aisle) turret forklift AGV. BA Systèmes SAS is the legal entity; operating as 'Alstef Mobile Robotics' since June 2023 within Alstef Group. Founded ~1973, HQ: 9 route de Chavagne, 35310 Mordelles (near Rennes), France. Navigation: 'mixed laser navigation: free + targets' — SLAM for general movement, laser reflectors for precise VNA storage/retrieval positioning → infrastructure_required=1. Trilateral head for lateral load pick/deposit in VNA racking. Max lift 12m (12,000mm). Suitable for freezing environments. Fleet: OPAL (Alstef proprietary fleet management). NOTE: The user's supplier description referenced a 'SHERPA family' — this is NOT a BA Systèmes product line. SHERPA Mobile Robotics (Haguenau, France) is a SEPARATE company with unrelated SHERPA-B/P/D/F AMRs. No tugger product found in current Alstef AGV lineup.

Source: https://alstefgroup.com/intralogistics-solutions/our-products/agv-amr/agv-amr-range/",12000,,,None,Transport|Storage,,Pallet EUR|Pallet ISO,,Proprietary (OPAL),,,True,True,,,,,,Flexible Route,,,,,,,,,Map-based,Single plane (2D),,,Centralized,,,,VNA Turret,,,,,,,,,Side-Shift,,,,,,,,,,,,,,,,,,,,,,,,,,,,,,,,,,,,,,,,,,,
rec5Rjl1uyISvGJF2,,False,False,Natural Feature (SLAM),,False,recS8A4IcKftKBUNc,Hikrobot F1-300T-A,,Forklift AGV,,True,,300,97fc9846-0999-45c3-b99c-7d9d57ba3bd2,,340,,,,,,,,,,,,,,,,,,,,,,,,,,,,,,,,,,,,,,,,,,,,,,,,,,,,,,,,,,,,,,,,,,,,,,,,,,,,,,,,,,,,,,,
rec5UA045WkmBqlgB,true,False,False,Natural Feature (SLAM),,False,recz07YvRVfD4RrLd,Linde P-MATIC,2.22,Tugger AGV,Lead-Acid,True,true,,bb075b20-bde4-4656-ae24-470a8801f737,"Automated tow tractor (tugger AGV). Specs cross-checked with official Linde/KION North America datasheet (P-MATIC, 11,000 lb). Towing capacity 3000-5000 kg (6,600-11,000 lb). Overall size 70×32-36 in = 1778mm × 813-914mm (width config-dependent; entry uses 914mm max). Travel speed 8 km/h (2.22 m/s) unloaded; 4.4 mph (≈2.0 m/s) loaded. Navigation: 'Laser Hybrid Navigation' = natural feature SLAM (no reflectors/floor tracks) + laser/3D-camera obstacle detection; laser scan height 98 in. Pulls 2-6 carts/trailers (max_trailers=6). Battery: NA datasheet 24V/270Ah sealed lead-acid (PbS); EU config up to ~500Ah — battery_type Lead-Acid (gel/sealed). Automated + manual auxiliary operation. Touchscreen user interface. Auto-charging optional. Compliance: ISO 3691-4, ANSI B56.5 Part III, Machinery Directive (CE), NFPA-70. Turning radius 1485mm. Maintenance-free three-phase drive. Fleet MATIC:move. VDA5050 not confirmed.

Source: https://www.linde-mh.com/en/Products/Automated-Trucks/P-Matic/",,False,,,Transport,True,,ISO 3691-4|ANSI/ITSDF B56.5,Proprietary (MATIC:move),,,,,,,False,,true,Flexible Route,5000,,,,,,,914,Map-based,Single plane (2D),1778,,Centralized,,,,,,,,,,,,,,,,,,,,,1485,,6,None,,,,,,,,,,,,,,,,,,,,,,,,,,,,,,,,
rec5twJBEVj8wcCJo,true,False,False,Natural Feature (SLAM)|QR/DM Code|Laser Reflector,true,False,recNZIkhEmKOf1ipN,Jungheinrich arculee S,2.3,Mobile AMR,Li-Ion,True,true,1000,887de20e-f672-4848-9f07-d08b847cda31,"mobile-robots.com/arculus; 1000kg, 2.3m/s, 800x750x290mm, 240kg robot; auto intermediate charging; VDA5050; Prodrive NL 14 units ref",,,,None,Transport,True,Custom Carrier|Roll Container,ISO 3691-4|ISO 13849-1,Open API|VDA 5050 compatible,SAP|WMS|ERP|REST API,Automotive|General Manufacturing|3PL,,,,true,,,,,,,,,,,,750,,Full 3D (360° safety scanner),800,,Centralized,,,,,,,,,,,,,,,,,290,,,,,,,,,,,,,,,,,,,,,,,,,,,,,,,,,,,,,,,
rec691GQcUNjWGqsv,,False,False,QR/DM Code,true,False,rec2R1yZKGjq8psS9,STILL ACH 10 iGo,1.5,Mobile AMR,Li-Ion,False,true,1000,102d0f28-d622-4d7d-b0da-8fa6c1dc1787,,60,,,,,True,,,,,,,,,,,1897,true,,,,,,,,,,,,,,,,,,,,,,,,,,,,,,,,,,,,,,,,,,,,,,,,,,,,,,,,,,,,,,,,,,,,,,
rec69ZVZm5u2WsvuX,,False,,Natural Feature (SLAM),true,False,recu7Kbtr1VqbEfsC,Stäubli PF30,,Mobile AMR,,,,27215,fa08be74-8741-4cf9-819a-0109f6774107,,,,,,,,,,,,,,,,,,,,,,,,,,,,,,,,,,,,,,true,,,,,,,,,,,,,,,,,,,,,,,,,,,,,,,,,,,,,,,,,,,,,,,,,,,
rec6IAvIW66FwmGXN,,False,False,Natural Feature (SLAM),,True,recjJT4X18c36n0t1,Linde L-MATIC,2,Forklift AGV,,True,true,1600,622a1d51-1adc-4c0d-a0b3-0449f242dc9d,,2900,False,,,,True,,,,,,,,,,False,,true,,,,,,,,,,,,,,,,,,,,,,,,,,,,,,,,,,,,,,,,,,,,,,,,,,,,,,,,,,,,,,,,,,,,,,
rec6s86LBKCFblbPX,,False,False,Natural Feature (SLAM)|Magnetic Tape,,True,rectsIEZDI8opGYtY,Kivnon K55A Pallet Stacker,,Forklift AGV,Li-Ion,,true,1200,b23f9363-f06b-468e-8efb-a558a4feb08b,qviro.com/kivnon k55a; pallet stacker AGV; open-bottom/American pallets; robotic pallet storage applications; KIVNON Forklift series,1500,,,,,True,Pallet EUR|Pallet ISO|Plastic (open-bottom),None (CE/TÜV marks only),VDA 5050 compatible|Open API,MES|ERP|WMS,Automotive|General Manufacturing,,,,,,,,,,,,,,,,,,,,,Centralized,,,,Straddle Stacker,,,,,,,,,,,,,,,,,,,,,,,,,,,,,,,,,,,,,,,,,,,,,,,,,,,,
rec79PIXrFPw8CjG3,,False,False,Laser Reflector,,False,recPJSS4WwBcudXK8,E80 Tugger Train LGV,1.5,Tugger AGV,Li-Ion (Flash Battery induction),False,true,,bc14fce8-436b-46f1-9b90-776abdac3149,smart-factory.elettric80.com/agv; production-line supply; induction charging,,,,,,,None,ISO 3691-4 (verify),Proprietary,WMS|ERP,F&B|Retail,,,,,,,,Fixed Route,5000,,Automatic,,,,,,,,,,Centralized,,,,,,,,,,,,,,,,,,,,,,,,,,,,,,,,,,,,,,,,,,,,,,,,,,,,,,,,
rec79gu42cx3hOH63,,False,False,Natural Feature (SLAM),,,reca5Eg0jrsCaYH11,SAFELOG AGV S3,,Mobile AMR,,True,true,150,81aee3ac-2e5b-4131-825b-93098eaeb765,qviro aggregator — MEDIUM confidence.,,,,,,True,,,,,,,,,,,,,,,,,,,,,,,,,,,,,,,,,,,,,,,,,,,,,,,,,,,,,,,,,,,,,,,,,,,,,,,,,,,,,,,,,,
rec7WozFlR9U7uO7S,true,False,False,Natural Feature (SLAM),true,False,reccJzOvaVdfvWJAp,Omron LD-130CT,0.9,Mobile AMR,Lead-Acid,True,true,130,532e84b5-bd74-4dd7-a5b5-f6aaa53f2afc,,,,,,,,,,,,,,,,,,,,,,,,,,,,,,,,,,,,,,,,,,,,,,,,,,,,,,,,,,True,,,,,,,,,,,,,,,,,,,,,,,,,,,,,,,
rec7fa9TZmChBDw8G,true,False,,Natural Feature (SLAM),,True,recXwAoxQ7NtvT4uV,FlowT 1530,1.4,Forklift AGV,LiFePO4,True,true,1500,a84e1f4c-0d8a-4fa7-a8bb-98f8d9fa1ccf,"[medium confidence] FLAG — NAMING CONFLICT: the addverb.com variant selector lists this model as 'FlowT 1530', but the datasheet it links to is titled 'FlowT 1520' (URL slug 'autonomous-pallet-mover-flowt-1520-datasheet.pdf'). Specs match the product page exactly (1500 kg, 1.4 m/s, 1218 mm turning radius), so it is the same machine under two names. Recorded as 'FlowT 1530' (customer-facing name). Verify the canonical model designation with Addverb before publishing. This ambiguity is why confidence is 'medium'.
Datasheet: Payload 1500 kg; Dimensions 1670 x 857 x 1930 mm; Weight 800 kg; Function 'Ground to 2000 mm'; Max Speed 1.4 m/s (empty) / 1.4 m/s (loaded); Turning Radius 1218 mm; Ground Clearance 30 mm; IP20; 5G compatible; Battery LiFePO4 24V/100Ah; Run time 6-8 h; Charging 55 to 90 min; Compliance CE, ISO 3691-4. Sensors: Fork Tip Sensor, Safety LiDARs (2x front); optional Navigational 3D LiDAR x1 and Safety Rated LiDARs (1x back).
DERIVED: lifting_height=2000 from 'Function: Ground to 2000 mm' and the intro text 'a height of upto 2000 mm'. stacking_capability=true — ground-to-height variant, product page: 'capable of lifting pallets from ground or conveyors, and directly store them on storage racking'. vna_capable=false (no VNA/turret product in the Addverb line; sibling FlowT 1000 needs 2200 mm aisle). stop_accuracy=20 — taken from the shared FlowT product-page tech table 'Docking Accuracy +/- 20 mm'. charge_time=90 = top of the published 55-90 min range. safety_coverage 'Single plane (2D)' is MEDIUM: base safety sensors are 2D safety-rated LiDARs, 3D LiDAR is an optional add-on.
NOT FOUND — left NULL deliberately: min_aisle_width (NOT published for this variant; do NOT copy FlowT 1000's 2200 mm, the chassis is different), drive_type (straddle vs. counterbalanced vs. reach not stated anywhere; 857 mm width + 1930 mm lowered height suggests a stacker but this is not confirmable), mast_type, min_total_height, fork_spread, special_fork_option, drop/pick accuracies.
NOT RECORDED (no forklift turning-radius field in the vocabulary): Turning Radius 1218 mm. Source: https://addverb.com/automated-warehouse-robots/mobile-robots/autonomous-forklift/",2000,,Floor|Conveyor|Standard rack,,,,Pallet EUR/ISO,ISO 3691-4,Proprietary,ERP,,,,,,False,,true,,,,,,,,,857,,Single plane (2D),1670,,Centralized,,,,,,,,,,,8,90,,,,IP20,,,,20,,,,,,,,,,,,,,,,,,,,,,,,,,,,,,,,,,,,
rec7juMf4nd6Fdpk1,,False,False,Natural Feature (SLAM),,False,recch1zF3jHlVGgew,VisionNav VNK15,1.8,Mobile AMR,,True,true,1500,a3c1305c-9a69-42c5-a2d9-5e2ed9400ca4,,60,,,,,,,,,,,,,,,,,,,,,,,,,,,,,,,,,,,,,,,,,,,,,,,,,,,,,,,,True,,,,,,,,,,,,,,,,,,,,,,,,,,,,,,,
rec7s860sCYNA28wC,true,,False,Natural Feature (SLAM),,False,recdMR2U7lQmvhHlC,C101,,Mobile AMR,,True,,,cde762a3-3118-481e-b5e7-be967b2491fa,"[low confidence] Single-station roller-conveyor AMR for automatic transfer to/from production-line conveyors. Card: 'Feature: Made-to-order / 8 h Run Time / 780*653*932 mm / I/O, Ethernet, WLAN, Power'. The 932 mm is the overall height including the roller deck. MAX_PAYLOAD IS NOT PUBLISHED for the C series anywhere — deliberately left NULL (the card literally prints 'Made-to-order' where the other series print a payload). station_applications=['Conveyor','Machine cell'] from 'The C-series roller robots interface seamlessly with production lines via roller/belt conveyors' and 'They support upstream/downstream equipment docking'. infrastructure_free=true from 'The C-series robots adapt to varying line layouts without facility modifications'. integration_capability from 'integrate with MES/WMS for task dispatching, storage monitoring, and real-time status feedback'. Safety text mentions 'laser scanners, photoelectric sensors, anti-collision mechanisms, and drop-prevention detectors ... 360 deg full-perimeter awareness' but does not state which of these are safety-rated, so safety_coverage is NULL. Confidence 'low' overall because this is a made-to-order product with almost no published numeric spec. Source: https://en.youibot.com/products-category/roller-conveyor-series.html",,,Conveyor|Machine cell,,Transport,,,,Proprietary,MES|WMS,General Manufacturing,,,,,False,,true,,,,,,,,,653,,,780,,,,,,,,,,,Roller|Conveyor|Custom,,8,,,,,,,,,,,,,,,,,,,,,,,,,,,,,,,,,,,,,,,,,,,,,
rec7uXwOXtWmELmLO,,False,False,Contour|Natural Feature (SLAM),,False,recIpaYMshXNO7Pd4,DS ROLLGANG Doppel,1.2,Mobile AMR,Lead-Acid|Li-Ion,True,true,2500,a2a361c8-f8c7-4613-a1f4-4a5493ca3e6f,"Manual note from user research, 2026-08-06. Company-wide values from the 4 permitted ds-automotion.com technology pages: safety_standard ISO 3691-4 (DIN EN ISO 3691-4 + DIN EN 1525 named on /technologie/sicherheitstechnik/); functional_safety_level PLd ('nach EN Norm und Performance Level d produziert'); vda5050_compatible True ('Als einer von wenigen Herstellern bieten wir die VDA 5050 Schnittstelle...' on /technologie/sps-technologie/); integration_capability OPC-UA + MQTT from the same page (SAP|WMS|REST API carried over from the sibling DS records). industries_served 'General Manufacturing' = carried-over company default, not per-product evidence. Gemeinsam ROLLGANG: Navigation KBL / SLAM -> ['Contour','Natural Feature (SLAM)']. Automatisches Laden. Sicherheit ISO 3691-4. Einsatz: Palettentransport EPAL/IPAL von Foerdertechnik zu Foerdertechnik -> load_type ['Pallet EUR','Pallet ISO'], top_module_type ['Roller']. Neues Base Model (existierte bisher nicht). lift_height NULL: das Fahrzeug hat keinen Hub, die Uebergabe erfolgt horizontal ueber den Rollgang. ROLLGANG Doppel: Nutzlast 2500 kg, 1,2 m/s. Uebergabehoehe 530 mm oder hoeher (kein sauber passendes AP0-Feld -> nur hier notiert). Manueller Batteriewechsel -> battery_swap_capable=True. Batterie Blei-Gel 48 V / 250 Ah oder Lithium 48 V / 150 Ah -> ['Lead-Acid','Li-Ion'].",,,,,,True,Pallet EUR|Pallet ISO,ISO 3691-4,VDA 5050 compatible|Open API,SAP|WMS|REST API|OPC-UA|MQTT,General Manufacturing,,,,,,,,,,,,,,,,,,,,PLd,Centralized,,true,,,,,,,Roller,,,,,,,,,,,,,,,,,,,,,,,,,,,,,,,,,,,,,,,,,,,,,,,
rec89TncQE9YSO8l0,true,,False,Natural Feature (SLAM),true,,recs96PhLFU5YEods,SOTO,1.5,Mobile AMR,Li-Ion,True,,240,dcd376e5-3de6-40fb-ab55-66fe8f870770,"[high confidence] PRIMARY SOURCE: official Jungheinrich/Magazino technical datasheet PDF 'Mobile Robot Behaelter-Handling SOTO' (doc 7777.DE.12.2023.r), text extracted with pdfplumber. Verbatim datasheet rows: Eigengewicht 686-735 kg (695 kg Standardkonfiguration); Tragfaehigkeit 200-249 kg (240 kg Standardkonfiguration); Abmessungen (L x B x H) 2.230 x 1.060 x 2.160 mm (Hoehe in Betrieb zzgl. Laserscanner +80 mm); Antriebsmechanik omnidirektionaler Antrieb; Hoechstgeschwindigkeit 1,5 m/s; Min. Breite fuer sichere Geschwindigkeit (0,3 m/s) / fuer Hoechstgeschwindigkeit = 1.650 mm / 2.510 mm; Min. Wendekreis 3.100 mm; Mind. Greifhoehe (frontal / seitlich) 500 mm / 400 mm; Max. Greifhoehe 1.700 mm; unterstuetzte Ladungstraeger-Abmessungen 300x200, 400x300, 600x400 mm bei Hoehen 80-320 mm (Breite muss immer groesser sein als die Hoehe); Max. Anzahl der KLTs pro Roboter 8 (600x400 mm) bis 24 (300x200 / 400x300 mm); Unterstuetzte Normen VDA 4500 (R-KLT, RL-KLT); Max. Gewicht pro KLT / Max. Nutzlast gesamt = max. 20 kg / max. 240 kg (24 Behaelter a 10 kg); Schwerpunkt der Ladung max. 2/3 zu einer Seite; Drehung des KLT im Inneren des Roboters +/-180 und +/-90 Grad; Schutzklasse IP 20; Temperatur 15-25 C, max. kurzzeitig bis 1 h 35 C; Luftfeuchtigkeit <95% nicht kondensierend; Bodenqualitaet Industrieboden nach DIN 18202:2019-07, Hoehe der befahrbaren Bodenunebenheiten 5 mm; Reinraumzertifizierung ISO-7-Zertifikat; Akku 8x Li-Ion 25,6 V je 21 Ah; Arbeitszeit ohne Laden bis zu 8 Stunden; Ladezeit 1,6 Stunden (Verhaeltnis 5:1); Sicherheitsmerkmale: sicherer Betrieb in der Naehe von Personen durch zertifizierte Sicherheitskomponenten, 2D-Laserscanner und 3D-Kameras zur dynamischen Kollisionsvermeidung; Benutzerschnittstelle 2x Touch-Displays, LEDs; Schnittstelle: Integration ueber VDA 5050 moeglich, alternativ Anbindung des Magazino Fleet Manager ueber standardisierte REST-Schnittstelle an das WMS. || SECONDARY (official product page, https://www.magazino.eu/en/production-logistics/): 'Aisle widths as narrow as 1.65m are fully navigable; from 2.5m wide aisles, SOTO can achieve its maximum speed of 1.5m/s'; 'SOTO uses a flexible gripper mechanism to transfer KLTs between heights of 0.4m and 1.7m from the ground'; 'The gripper can pick up and place containers from three directions: left, right, and front'; 'Barcode scanners on the gripper ensure that the correct tote is picked up'; 'thanks to its powerful Li-ion batteries, it can drive for up to 8 hours without recharging (charging ratio: 1 minute charging = 5 minutes driving)'; 'The KLT robot SOTO is VDA5050-compliant and can also be connected to a 3rd party master controller if you are operating a mixed fleet of robots from several vendors'; 'The SOTO Fleet Manager is connected to your WMS system via an interface'. SLAM navigation confirmed on https://www.magazino.eu/en/products/soto/ ('SLAM technology (Simultaneous Localization & Mapping Process)') and on the tech article https://www.magazino.eu/en/tech-articles/robot-soto-setup-mapping-modeling/. || DERIVATIONS / JUDGEMENT CALLS: (1) max_payload=240 = 'Max. Nutzlast gesamt max. 240 kg' (standard backpack config). The datasheet's separate Tragfaehigkeit row gives a config-dependent range 200-249 kg, and the product page text says 'a total payload capacity of 250kg'. 240 is the conservative datasheet-confirmed figure - see FLAG. (2) charge_time=96 min = 1,6 Stunden. (3) min_turning_radius=1550 DERIVED by halving the datasheet's 'Min. Wendekreis 3.100 mm': German 'Wendekreis' is a turning CIRCLE (diameter). A 3100 mm radius is implausible for a 2230x1060 mm omnidirectional robot whose half-diagonal is only ~1235 mm. If the AP0 field is intended as a diameter, use 3100. MEDIUM confidence on this single field. (4) cleanroom_class: datasheet states 'Reinraumzertifizierung ISO-7-Zertifikat'; AP0 only offers 'None' / 'ISO 1-9', so the real class is ISO 7. (5) floor_flatness_req mapped from 'Industrieboden, Ebenheitsabweichung nach DIN 18202:2019-07' + 5 mm drivable unevenness to the closest AP0 bucket 'Standard (FM2)'. DIN 18202 is not literally FM2 - MEDIUM confidence. (6) lift_height=1700 = 'Max. Greifhoehe 1.700 mm', i.e. the maximum gripper transfer height (min 500 mm frontal / 400 mm lateral). This is a gripper height, not a mast lift height. (7) picking_mechanism='Conveyor-integrated': SOTO uses conveyor-belt grippers ('active gripping technology using conveyor belt grippers') to pull and push totes. (8) rotation_capable=true refers to the robot rotating the KLT internally by +/-90 and +/-180 degrees. (9) vda5050_compatible=true is EXPLICITLY PUBLISHED, not assumed. multi_fleet_capable=true from the 3rd-party-master-controller / mixed-fleet statement. (10) safety_coverage='Limited 3D': 2D laser scanners front and rear for the safety field, plus two 3D cameras for obstacle detection and light curtains at the gripper openings - not a certified full-3D safety envelope. MEDIUM. (11) outdoor_capable=false derived from IP20 + 15-25 C window - high confidence as a negative. (12) load_type: VDA 4500 R-KLT/RL-KLT small load carriers map to both 'Tote' and 'Plastic Bin'. (13) industries_served mapped from the site's own sector navigation (Automotive, Injection Moulding, Electronics, Consumer Goods); named reference customers MAN (fleet of 12 SOTOs), Bosch, WAGO, VEGA. || NOT FOUND - LEFT NULL DELIBERATELY: max_gradient, stop_accuracy, autonomous_charging (charging stations exist and the fleet manager dispatches charging, but no source explicitly confirms autonomous docking; one third-party article mentions inductive charging stations, uncorroborated by the datasheet), battery_swap_capable, safety_standard (the datasheet says only 'zertifizierte Sicherheitskomponenten' - ISO 3691-4 is NOT named anywhere), functional_safety_level, max_fleet_size, manual_usage, min_ground_clearance, throughput_picks_per_hour, storage_system_type, task_interleaving. || NOT REPRESENTABLE IN THE CURRENT FIELD VOCABULARY (AP0 gap worth noting): vehicle height 2160 mm / 2240 mm with laser scanner in operation - Mobile AMR has no height field; minimum corridor width 1650 mm (at reduced 0.3 m/s) and 2510 mm (for full 1.5 m/s) - Mobile AMR has no aisle-width field, only Forklift min_aisle_width and Tugger tugger_min_aisle_width exist. Both are commercially decisive numbers for SOTO. || FLAG: payload discrepancy 240 kg (datasheet, standard config) vs 250 kg (product page prose) vs 200-249 kg (datasheet Tragfaehigkeit range). Used 240. Source: https://www.magazino.eu/en/production-logistics/ | datasheet: https://media-live2.prod.scw.jungheinrichcloud.com/resource/blob/1684414/44dc1ae5747aab5c880552694be9f887/download-technical-data-amr-soto-data.pdf",,,Conveyor|Machine cell|Gravity rack,Conveyor-integrated,Transport,True,Tote|Plastic Bin,,VDA 5050 compatible,WMS|REST API,Automotive|General Manufacturing,,,,true,False,,,,,,,,,Barcode/DataMatrix|Camera/Vision,15,1060,,Limited 3D (e.g. waterfall),2230,,Centralized,25,,,,true,1700,1550,,Conveyor,,8,96,,ISO 1-9,,IP20,,95,,,,True,,,,24,true,Standard (FM2),Tote,,,,,,,,,,,,,,,,,,,,,,,,,,,
rec8ZXhz2is2khKng,true,False,False,Natural Feature (SLAM),true,True,recCNpYnJ0zOl8BX3,MaxMover CB D2000,2,Forklift AGV,,True,,2000,02f360ec-3c3a-4c95-a67a-c51d8a4a5ae9,"OEM page oceaneering.com/mobile-robotics — HIGH confidence. CB forklift, NOT VNA.",5000,,,,,,,,,,,,,,,,,,,,,,,,,,,,,,,,,,,,,,,,,,,,,,,,,,,,,,,,,,,,,,,,,,,,,,,,,,,,,,,,,,,,,,,
rec8gpFnq7dl6hhiI,,False,False,Natural Feature (SLAM),,False,recokZ5YIXoxiparX,STILL AXL iGo,,Forklift AGV,Li-Ion,True,true,1500,80334046-3a71-4be8-8a79-a8649cddc911,"still.de/igo-systems AXL iGo; autonomous low-lift; automated truck load/unload, no external dock infra",125,,,,,True,Pallet EUR,ISO 3691-4,Proprietary (iGo TCS),SAP|WMS,3PL|General Manufacturing|F&B,,,,,,,true,,,,,,,Laser/LiDAR profiling|Camera/Vision,,,,,,,Centralized,,,,Pallet Mover,,,,,,,,,,,,,,,,,,,,,,,,,,True,True,,,,,,,,,,,,,,,,,,,,,,,,,
rec8m91ROtEDyQfck,true,,,,,,recb9fpHwom3bTRkb,HaiPick A42-E6S,,Mobile AMR,LiFePO4,,true,300,33220451-790e-4870-81cd-0903f5d594ca,"[medium confidence] Grappling-hook ACR, designed for single- to triple-deep tote racks. max_payload 300 verbatim ('its maximum payload can reach up to 300 kg'). SEMANTIC FLAG: unlike the A42T/A42T-E2 30 kg figures (per tote), this 300 kg figure is TOTAL onboard capacity across the tray tower. The two numbers are on different bases and must not be compared. This inconsistency is HAI's, not mine. lift_height DELIBERATELY OMITTED — not stated on this page; as a non-telescopic A42-series variant it is probably the 6 m series figure, but 'probably' is not good enough for a spec field. onboard_container_count also not stated. Non-spec facts recorded for context: horizontal case spacing reduced to 30 mm, longitudinal spacing to 0 mm, up to three-deep tote storage (+150% density), LiDAR collision avoidance. Source: https://www.hairobotics.com/robots/haipick-a42-e6s",,,,Bin-transfer,Goods-to-Person,,Tote,,,,E-Commerce|3PL|Retail|Automotive|Pharma|General Manufacturing,,,,,,,,,,,,,,,,,,,,,,,,,,,,,,,,,,,,,,,,,,,,,,,,,,Tote,,,Tote-to-Person,,,,,,,,,,,,,,,,,,,,,,,,
rec8rDxh8ozTOTGa3,,False,False,Contour|Magnetic Tape|Laser Reflector,,True,rec8zY21zPMVdGgE1,DS ARNY Duplex,1.5,Forklift AGV,Lead-Acid|LiFePO4,,true,1200,ae765a34-1efc-43df-8923-456e167e042e,"Manual note from user research, 2026-08-06. Company-wide values from the 4 permitted ds-automotion.com technology pages: safety_standard ISO 3691-4 (DIN EN ISO 3691-4 + DIN EN 1525 named on /technologie/sicherheitstechnik/); functional_safety_level PLd ('nach EN Norm und Performance Level d produziert'); vda5050_compatible True ('Als einer von wenigen Herstellern bieten wir die VDA 5050 Schnittstelle...' on /technologie/sps-technologie/); integration_capability OPC-UA + MQTT from the same page (SAP|WMS|REST API carried over from the sibling DS records). industries_served 'General Manufacturing' = carried-over company default, not per-product evidence. Gemeinsam fuer alle ARNY-Varianten: Gabelausfuehrung ISO-Gabeltraeger, geschmiedete Zinken; optional Seitenschub / Neigungsverstellung / Zinkenverstellung -> special_fork_option ['Side-Shift'] (Seitenschub); Neigungs- und Zinkenverstellung haben keinen AP0-Wert. Navigation: Kontur-/Magnet-/Laser-/Hybridnavigation -> ['Contour','Magnetic Tape','Laser Reflector'] ('Hybrid' = Kombination, kein eigener Wert). Energieversorgung: Batteriewechsel manuell oder automatisches Laden. Batterie Blei-Saeure / Reinblei / Lithium (LFP) -> ['Lead-Acid','LiFePO4']. 3 Sicherheitslaserscanner 360 Grad -> safety_standard ISO 3691-4, safety_coverage 'Full 3D (360 + 3D sensors)'. 3 ToF-Kameras in Hauptfahrtrichtung -> load_detection 'Camera/Vision' (Muster des Schwester-Datensatzes DS AMADEUS Classic). drive_type 'Counterbalanced', load_type, forks_free_floating, manual_usage und industries_served aus dem ersetzten Sammel-Datensatz 'DS ARNY' uebernommen. HINWEIS: der ersetzte Sammel-Datensatz fuehrte 2500 kg / 8500 mm -- diese Werte werden durch die Variantentabelle abgeloest. ARNY Duplex: Nutzlast 1200 kg, Hubhoehe 4500 mm, Geschwindigkeit 1,5 m/s, Leergewicht ohne Batterie 4800 kg (kein AP0-Feld -> nur hier notiert). ",4500,,,,,True,Pallet EUR|Pallet ISO,ISO 3691-4,VDA 5050 compatible|Open API,SAP|WMS|REST API|OPC-UA|MQTT,Automotive|General Manufacturing,,True,,,,,true,,,,,,Duplex,Camera/Vision,,,,Full 3D (360° + 3D sensors),,PLd,Centralized,,true,,Counterbalanced,,,,,,,,,Side-Shift,,,,,,,,,,,,,,,,,,,,,,,,,,,,,,,,,,,,,,,,,,,
rec99NdTdgz68lPlV,,False,,Natural Feature (SLAM)|QR/DM Code,true,False,recg9byCsxtCK2IYl,Geek+ M-Series / MP1000R,1.5,Mobile AMR,Li-Ion,,true,1000,dd27fc3e-3ceb-4b8a-abde-5678fe3cb91b,"geekplus.com/m-series; MP1000R: 1000kg, 1.5m/s, 1090x830x275mm, 169kg; underride transport; M-series up to 1200kg/4.5m/s variants",,,,None,Transport,,Custom Carrier|Roll Container,"None (CE EU models, verify)",Proprietary,WMS|REST API,E-Commerce|3PL|General Manufacturing,,,,,,,,,,,,,,,,830,,,1090,,Centralized,,,,,,,,,,,,,,,,,275,,,,,,,,,,,,,,,,,,,,,,,,,,,,,,,,,,,,,,,
rec9E0XxkjrTYrkLF,,False,False,Magnetic Tape|Natural Feature (SLAM),,False,recnDArplXNN16si3,FLEXIHAULER,1.2,Tugger AGV,,,true,1000,7ff03cf2-c934-4daf-8206-4b80391ac2d9,"Manual note from user research, 2026-08-06. Fahrzeugtyp: Differential FTF (kein AP0-Wert -- drive_type ist Forklift-scoped und kennt nur Counterbalanced/Reach Truck/Straddle Stacker/Pallet Mover/VNA Turret -> nur hier notiert). Abmessungen L 1750 x B 608 x H 380 mm (H mit Hubdorn eingefahren/ausgefahren; fuer Tugger AGV existiert kein Hoehenfeld in AP0 -> nur hier notiert). Nutzlast 1000 kg (unveraendert). Geschwindigkeit vorwaerts 1,2 m/s (unveraendert), manuell rueckwaerts. Lastaufnahmemittel 'Elektromechanischer Mitnahmedorn' -> coupling_type ['Retractable Pin'] (JUDGMENT CALL: Mitnahmedorn = ein- und ausfahrbarer Dorn; 'Automatic' wurde bewusst NICHT ergaenzt). Hubhoehe Dorn 80 mm: fuer product_type 'Tugger AGV' existiert weder lift_height (AMR-scoped) noch lifting_height (Forklift-scoped) -> nur hier notiert, kein Out-of-Scope-Feld geschrieben. Lastwechsel automatisch -> auto_hitch=True. Docking unter mobile Gestelle -> train_configuration 'Underride/Mouse'. KONFLIKT NICHT UEBERSCHRIEBEN: Quelltext sagt Navigation 'Spurgefuehrt, optional frei navigierend'; der bestehende Datensatz fuehrt navigation_type 'Natural Feature (SLAM)'. Da der Quelltext die Spurart (Magnetband? Induktiv?) nicht nennt, wurde navigation_type UNVERAENDERT gelassen und der Widerspruch hier + im Audit-Log geflaggt. Umbenannt von 'DS Automotion FLEXIHAULER' -> product_name 'FLEXIHAULER' / base_model_name + model_name 'DS FLEXIHAULER' (Konvention der DS-Geschwister: Produkt bar, Base Model / Extension mit 'DS '-Praefix).",,,,,,True,,,,,,,,True,,,,,,,Underride/Mouse,Retractable Pin,,,,,608,,,1750,,,,,,,,,,,,,,,,,,,,,,,,,,,,,,,,,,,,,,,,,,,,,,,,,,,,,,,,,,
rec9LO66jPQqTtJ04,,False,False,Laser Reflector|Natural Feature (SLAM),,True,recXIVpvciu9iE911,Jungheinrich ERC 217a,1.94,Forklift AGV,Lead-Acid|Li-Ion,,true,1700,29dbd1f3-a9f8-4d9d-a597-2842ffcd837b,"Manual note from user research, 2026-08-06: like ERC 213a but 7 km/h and 1700 kg payload. All other field values cloned 1:1 from the sibling record 'Jungheinrich ERC 213a' (extension reczlwgLcdzq3KVv1). NAME CORRECTION: the user's note reads 'ECR217a'; corrected to 'ERC 217a' (letter swap). Confirmed by the local official Jungheinrich factsheet Datasheets/AGV_AMR/New/erc-2a-2019-factsheet-de-2026-05-pdf-data.pdf p.4: 'ERC 217a | 1700 kg | 4400 mm | 7 km/h'. UNIT CONVERSION: max_speed stored as 1.94 m/s (7 km/h / 3.6); the DB stores max_speed in m/s per AP0, the user's note is in km/h. min_total_height 2150 cloned from ERC 213a = h1 at the lowest mast config; battery_type Li-Ion cloned from ERC 213a (VDI sheet standard config is 24 V / 375 Ah 3 PzS lead-acid) -- FLAGGED for review.",4400,,,,,,Pallet EUR,ISO 3691-4,Proprietary,SAP|WMS,General Manufacturing,,,,,,,true,,,,,,,,,,,,,,,,,,Reach Truck,,,,,,,,,,,,,,,20,,,,,,,,,,,,,,2150,20,,,,,,,,,,,,,,,,,,,,,,
rec9LW3i7bi3FBtNd,,False,False,Laser Reflector,,False,rec7mYoTY7385sLpj,Jungheinrich ERE 225a,2,Forklift AGV,Li-Ion,,,2500,acea959f-a1b0-4922-8587-92cace24123e,,125,,,,,,,,,,,,,,,,,true,,,,,,,,,,,,,,,,,,,,,,,,,,,,,,,,,,,,,,,,,,,,,,,,,,,,,,,,,,,,,,,,,,,,,,
rec9czRhXMcM5etcW,,False,False,Natural Feature (SLAM),,False,recqEAjTbVSQsyIQq,VisionNav VNKQ20,1.5,Mobile AMR,,True,true,2000,43319f1f-ac90-4e96-9085-4c2558dd5c00,,,,,,,,,,,,,,,,,,,,,,,,,,,,,,,,,,,,,,,,,,,,,,,,,,,,,,,,,,,,,,,,,,,,,,,,,,,,,,,,,,,,,,,,,
rec9qd1jVmDI7Dkk0,,False,False,Natural Feature (SLAM),true,False,recEY2DTbge9En4tS,STILL AXH 10 iGo,2.2,Mobile AMR,Li-Ion,True,true,1000,f96c44d0-4542-4684-b15b-a72e85d3bf91,,40,,,,,True,,,,,,,,,,,2948,true,,,,,,,,,,,,,,,,,,,,,,,,,,,,,,,,,,,,,,,,,,,,,,,,,,,,,,,,,,,,,,,,,,,,,,
recAHgITJRyP4yrkP,,False,False,Natural Feature (SLAM)|Vision,,True,recBsUlw1p4LZ4iXa,Balyo LOWY CB (Linde CB),,Forklift AGV,Li-Ion,True,true,1600,3c49c724-7bef-446d-9bc5-0db215194972,"balyo.com/lowy-cb; 4m, open+closed pallets, free front (counterbalanced) → forks_free_floating TRUE",4000,,Floor|Conveyor|Machine cell|Standard rack,,,True,Pallet EUR|Pallet ISO|Plastic Bin|Custom Carrier,ISO 3691-4 (verify),Proprietary,WMS|ERP|SAP|OPC-UA|Modbus|MES|MQTT|REST API,F&B|3PL|General Manufacturing,,True,,,,3800,true,,,,,,,Camera/Vision|Laser/LiDAR profiling,,,,Full 3D,,PLd,Centralized,,true,,Counterbalanced,,,,,,,,,,None,,None,,,,,,True,,None,,,,,,,,,,,Manual,true,,,,,,,,,,,,,,,,,,,,
recAKMOhHWGujDPGN,,False,False,Natural Feature (SLAM),,True,recwCTSi3CajaaqET,VisionNav VNR20,2,Forklift AGV,,True,true,2000,38dd9c7d-a20b-4d69-827d-81c6dc782992,,7000,,,,,,,,,,,,,,,,3300,,,,,,,,,,,,,,,,,,,,,,,,,,,,,,,,,,,,,,,,,,,,,,,,,,,,,,,,,,,,,,,,,,,,,,,
recBG1kQ3fi89OYLN,,False,,Natural Feature (SLAM),true,False,recYWetfESkLiroZg,Stäubli PF3,1.1,Mobile AMR,,,,2721,64500779-b9ac-4a4b-b5ce-02bcfe9500ff,,,,,,,,,,,,,,,,,,,,,,,,,,,,,,,,,,,,,,true,,,,,,,,,,,,,,,,,,,,,,,,,,,,,,,,,,,,,,,,,,,,,,,,,,,
recBR62Z1x9ePhm6V,,False,True,Natural Feature (SLAM),true,False,recvEydpnWVdii8Fz,Geek+ P800R,2,Mobile AMR,,False,true,600,096aafa9-4794-4f25-9b3a-09dc5809638c,,,True,,,,,,,,,,,,,,,,,,,,,,,,,,,,,,,,,,,,,,,,,,,,,,,,,,,,,,,,,,,,,,,,,,,,,,,,,,,,,,,,,,,,,,
recBS89PjLsXwwJ7I,,False,,Laser Reflector,,True,recEHGDIyAKCd98Be,Rocla Roll Clamp AWT,,Forklift AGV,Li-Ion|Lead-Acid,False,true,6000,178f0642-811d-40ae-8223-ea5efd0a84ec,"[medium confidence] Official page verbatim: 'Lifting height of up to 7.25 m', 'Loads as great as 6,000 kg', 'The clamps can handle loads up to 6,000 kg, and the modular design enables combining tried-and-tested components with automation.' Rotating clamps are documented for this family in the 2020 brochure ('AWT Clamp ... Rotating clamps').
LIFT CROSS-CONFIRMED: 2020 NA brochure 'AWT Clamp' = 283 in = 7,188 mm, matching the current 7.25 m. Payload has been uprated (7,716 lbs = 3,500 kg in 2020 -> 6,000 kg now); used the current site value.
A dimensional drawing labelled 'AWTcc ISO diameter 1530 - 3500 kg' is offered on the page but sits behind a lead-capture form, so it could not be read; note it implies a 3,500 kg sub-variant exists alongside the 6,000 kg top build.
load_type OMITTED: handles paper/film ROLLS, not pallets — see the Reel Fork note.
stacking_capability=true is derived from the 7.25 m lift into roll storage (well above a transport-only vehicle), consistent with the brochure's 'operation of reel storages'. Source: https://www.rocla-agv.com/agv-solution/automated-guided-vehicles/roll-clamp-awt/",7250,,Floor|Standard rack|Conveyor|Machine cell,,,,,ISO 3691-4,Proprietary,WMS|ERP|MES,,,,,,,,,,,,,,,,,,,,,,,,true,,,,,,,,,,,Clamp,,,,,,,,,,,,,,,,,,,,,,,,,,,,,,,,,,,,,,,,,,,
recBbMoJuZRAhVudt,,True,False,Laser Reflector|QR/DM Code|Inductive Loop,,True,recabljrgq3qGiFyo,Jungheinrich EKX 516a,3.33,Forklift AGV,Lead-Acid|Li-Ion,False,true,1600,7688c716-70de-4d5d-be79-135221305e6b,"Manual note from user research, 2026-08-06. Full table: payload/lift-height/speed/length-figure/voltage as given; split out from previously-merged EKX 516a/516ka record. EKX 516a: 1600 kg / 13000 mm Hubhoehe / 12.0 km/h / 4045 mm / 80 V. UNIT CONVERSION: max_speed stored as 3.33 m/s (12.0 km/h / 3.6) -- the DB stores max_speed in m/s (AP0 unit), the user's note is in km/h. FIELD MAPPING of the 5th figure (4045 mm): mapped to vehicle_length, NOT min_total_height. Confirmed against the local official Jungheinrich VDI-2198 spec sheet Datasheets/AGV_AMR/New/ekx-5a-20xx-specsheet-de-2026-08-pdf-data.pdf p.8 line 4.19 'Gesamtlaenge l1 mm 3665 / 3775 / 4045' for EKX 514a / 516ka / 516a. min_total_height (h1, Hubgeruest eingefahren) is ~5950 mm at 13000 mm lift per the same sheet and is deliberately left NULL here (config-dependent, outside this batch's scope). Battery voltage 80 V: no AP0 field exists -- recorded here only. battery_type Li-Ion cloned from the merged predecessor record; the VDI sheet's standard config is 80 V PzS lead-acid (3 PzS 465 / 4 PzS 620 / 6 PzS 930) -- FLAGGED for review.",13000,,,,,,Pallet EUR|Pallet ISO,ISO 3691-4,Proprietary,SAP|WMS,General Manufacturing|3PL,,,,,,1727,true,,,,,,Triplex,,,,,,4045,,,,,,VNA Turret,,,,,,,,,Telescopic,,,,,,,,,,,Wire,,,,,,,,,,,,,true,,,,,,,,,,,,,,,,,,,
recBg5aczoHpBxv6f,,,False,Magnetic Tape,,True,recpS3nydgZpHFe0o,MLR Mayesto,2.7,Forklift AGV,,False,,1500,782ac41e-816e-4d92-9b82-493f88c1c1cf,mobile-robots.com directory — MEDIUM confidence. Speed 2.7 m/s is high (automated zone). OEM datasheet not directly accessed.,11000,False,,,,,,,,,,,,,,,,,,,,,,,,,,,,,,,,,,,,,,,,,,,,,,,,,,,,,,,,,,,,,,,,,,,,,,,,,,,,,,,,,,,,,,
recBhTgJkExhuf3HD,,True,False,Laser Reflector|QR/DM Code|Inductive Loop,,True,recGRxYR08ibxQpLV,Jungheinrich EKX 514a,2.92,Forklift AGV,Lead-Acid|Li-Ion,False,true,1400,41076fa7-cac3-4e1d-912c-8e2531d7ba9b,"Manual note from user research, 2026-08-06. Full table: payload/lift-height/speed/length-figure/voltage as given; split out from previously-merged EKX 516a/516ka record. EKX 514a: 1400 kg / 13000 mm Hubhoehe / 10.5 km/h / 3665 mm / 80 V. UNIT CONVERSION: max_speed stored as 2.92 m/s (10.5 km/h / 3.6) -- the DB stores max_speed in m/s (AP0 unit), the user's note is in km/h. FIELD MAPPING of the 5th figure (3665 mm): mapped to vehicle_length, NOT min_total_height. Confirmed against the local official Jungheinrich VDI-2198 spec sheet Datasheets/AGV_AMR/New/ekx-5a-20xx-specsheet-de-2026-08-pdf-data.pdf p.8 line 4.19 'Gesamtlaenge l1 mm 3665 / 3775 / 4045' for EKX 514a / 516ka / 516a. min_total_height (h1, Hubgeruest eingefahren) is ~5950 mm at 13000 mm lift per the same sheet and is deliberately left NULL here (config-dependent, outside this batch's scope). Battery voltage 80 V: no AP0 field exists -- recorded here only. battery_type Li-Ion cloned from the merged predecessor record; the VDI sheet's standard config is 80 V PzS lead-acid (3 PzS 465 / 4 PzS 620 / 6 PzS 930) -- FLAGGED for review.",13000,,,,,,Pallet EUR|Pallet ISO,ISO 3691-4,Proprietary,SAP|WMS,General Manufacturing|3PL,,,,,,1727,true,,,,,,Triplex,,,,,,3665,,,,,,VNA Turret,,,,,,,,,Telescopic,,,,,,,,,,,Wire,,,,,,,,,,,,,true,,,,,,,,,,,,,,,,,,,
recBpMn5EU3plpb4r,,False,,Laser Reflector,,True,recdmvfYBourhbyNG,Rocla Counterbalance AWT,,Forklift AGV,Li-Ion|Lead-Acid,False,true,2500,d34edfe2-6cb0-47a9-9bef-71a9d4ada4d9,"[high confidence] Official page verbatim: 'given its lifting height of up to 8,4 m and permitted loads of up to 2,500 kg, it facilitates both two- and four-pallet transport'. Also 'Compatibility with drive-in racking', 'For push-back racks', 'For gravity racks/free flow racks', 'Ideal solution for applications where support legs cannot be used' — the last point is what makes it counterbalanced rather than straddle.
multi_load_compatibility=true is DERIVED from the explicit 'two- and four-pallet transport' claim (carries multiple loads simultaneously), not guessed.
CONFLICT WITH OLDER SOURCE: the 2020 NA brochure quotes the AWT Counterbalance at 4,409 lbs = 2,000 kg and 275 in = 6,985 mm. The current EU page says 2,500 kg / 8,400 mm. Treated as a newer generation; used the current site. Do not merge the two.
station_applications 'Gravity rack' from the explicit gravity/free-flow rack claim; 'Floor' from block/floor storage use. Source: https://www.rocla-agv.com/agv-solution/automated-guided-vehicles/counterbalance-awt/",8400,,Standard rack|Floor|Gravity rack,,,,Pallet EUR/ISO,ISO 3691-4,Proprietary,WMS|ERP|MES,,,,,,,,,,,,,,,,,,,,,,,,true,,Counterbalanced,,,,,,,,,,,,,,,,,,True,,,,,,,,,,,,,,,,,,,,,,,,,,,,,,,,,,
recBr21sHUN4mqTtn,true,False,False,Natural Feature (SLAM),true,False,recOVAfEjTJqcAl3j,AGILOX ONE,,Mobile AMR,Li-Ion,True,true,1000,9c96cb13-ecea-4866-8db6-748bbaa7850d,agilox.net/products + qviro; scissor-lift; 1300mm aisle; 3min charge=1h op; X-SWARM (no central server); NOT VDA5050,,,,None,Transport|Goods-to-Person,False,Pallet EUR|Pallet ISO|Half-Euro|Plastic|Tote|Custom Carrier,ISO 3691-4 (verify),Proprietary (X-SWARM),WMS|REST API,Automotive|F&B|3PL|General Manufacturing,,,,,,1300,,,,,,,,,,,,,,,Decentralized/Swarm,,,,,true,620,0,,,,,3,,,,,,,,,,True,,,,,,,,,,,,,,,,,,,,,,,,,,,,,,,,,,
recC2uSAdrHWfKBJF,,False,False,Natural Feature (SLAM),,False,recYYT89bVdezckMM,Geek+ F12ML,1.2,Forklift AGV,,True,,1400,c14da32c-9be0-4295-b378-0a17505a6c0a,,120,,,,,,,,,,,,,,,,,,,,,,,,,,,,,,,,,,,,,,,,,,,,,,,,,,,,,,,,,,,,,,,,,,,,,,,,,,,,,,,,,,,,,,,
recCJzFtza8rRt6Wy,true,False,False,Natural Feature (SLAM),true,False,recTT9Nz68B3fLITl,AGILOX NFK,1.4,Mobile AMR,,True,true,1000,6235240b-e6c7-43aa-a027-546942ed71f1,,620,,,,,False,,,,,,,,,,,,,,,,,,,,,,,,,,,,,,,true,,,,,,,,,,,,,,,,,,,,,,,,,,,,,,,,,,,,,,,,,,,,,,,,,,,
recCLKUp83TEyrWAO,,False,,Natural Feature (SLAM),true,False,recl8TnpPVwx8oXkA,Hikrobot Q7-1000D,1.8,Mobile AMR,,True,,1000,176eb6c8-7775-4652-ad98-632f58f4e536,,,,,,,,,,,,,,,,,,,,,,,,,,,,,,,,,,,,,,,,,,,,,,,,,,,,,,,,,,,,,,,,,,,,,,,,,,,,,,,,,,,,,,,,,
recCa0Dkdrto4EjJ8,,False,False,Laser Reflector,,True,recTsTXec3P9jHKS0,ek robotics COMPACT MOVE CB 25,,Forklift AGV,Li-Ion,,true,2500,d98a7a7f-fed7-42fe-8dba-d6258327a496,"Counterbalanced forklift AGV. Maximum payload 2500 kg (CB 25), lifting height 5500mm. Hybrid navigation: 'precise laser navigation' (Laser Reflector primary) + 3D camera system for pallet placement at up to 5.5m without errors (load detection). Also available in CB 10 (1000/1200kg) and CB 16 (1600kg) variants. 4-fork configuration available for double-pallet handling. Safety scanner coverage in lateral/front zones. Fleet: Transport Manager (centralized). Battery type not confirmed. forks_free_floating=TRUE (counterbalanced rule). load_detection=Camera/Vision (3D camera for remote pallet placement).

Source: https://ek-robotics.com/en/transport-robots/compact-move/",5500,,,None,Transport,True,Pallet EUR|Pallet ISO,,Proprietary (Transport Manager),WMS|ERP|MES|OPC-UA,,,True,,,,,,Flexible Route,,,,,,Camera/Vision,,,Map-based,Single plane (2D),,,Centralized,,,,Counterbalanced,,,,,,,,,,,,,,,,,,True,,,,,,,,,,,,,Manual,,,,,,,,,,,,,,,,,,,,,
recCkGUxtc8Fmiinf,,False,,QR/DM Code,true,False,recxzztPQt6HPghtH,Hikrobot Q2L-300A,,Mobile AMR,,False,,300,e6ae532b-3684-451d-a891-167ba3dc4e97,,,,,,,,,,,,,,,,,,,,,,,,,,,,,,,,,,,,,,,,,,,,,,,,,,,,,,,,,,,,,,,,,,,,,,,,,,,,,,,,,,,,,,,,,
recCvifXRCnDwmDro,,False,False,Natural Feature (SLAM),,False,recu7yegX5D6L2TyL,KIVNON K50 Pallet Truck,,Forklift AGV,,,,1000,6de3d103-fb19-4972-9fc8-07faf3704c61,,150,,,,,True,,,,,,,,,,,,,,,,,,,,,,,,,,,,,,,,,,,,,,,,,,,,,,,,,,,,,,,,,,,,,,,,,,,,,,,,,,,,,,,,,,
recCxSqrL3wMysUoT,true,False,False,Natural Feature (SLAM),true,False,recaayZZAdRwBtAqS,MiR500,2,Mobile AMR,Li-Ion,True,true,500,a3cff0a2-7118-4915-b519-eddd070709b6,,,False,,,,,,,,,,,,,,False,,,,,,,,,,,,,,,,,,,,,,,,,,,,,,,,,,,,,,,,,,,,,,,,,,,,,,,,,,,,,,,,,,,,,,,,
recDFQAldvSHBOfnU,,True,,Laser Reflector|Inductive Loop,,True,recfH4x09oFtD7u06,Rocla Very Narrow Aisle AWT (VNA AWT),,Forklift AGV,Li-Ion|Lead-Acid,False,true,1200,d9105def-2fcf-4434-a1b4-ce8e69c47097,"[high confidence] Official page verbatim: 'it can operate in aisles as narrow as 1.6 m, handle loads up to 1200 kg, and has a lifting capacity of up to 12.75 m'. Also: 'equipped with telescopic load handling forks or a turret head for trilateral turning (-90 deg...0 deg...+90 deg) of load forks'. 1600 mm aisle sits exactly at the bottom of the normal VNA band (1600-2000 mm) — plausibility OK.
CROSS-CONFIRMED by Rocla NA brochure 08/2020 p27 ('AWT Narrow Aisle'): 2,645 lbs = 1,200 kg (exact match), 68 in = 1,727 mm aisle, 472 in = 11,989 mm lift. Payload matches exactly; the current generation has grown the lift (11.99 m -> 12.75 m) and tightened the aisle (1.73 m -> 1.60 m). Used the current EU values.
drive_type='VNA Turret': the turret head is the OPTION and telescopic forks are STANDARD, so a pure man-down telescopic VNA truck is the base build. 'VNA Turret' is the closest AP0 value and the turret is genuinely offered — but flag this if drive_type is ever used as a KO.
navigation/guidance: the 2020 brochure lists 'Dual navigation' for the VNA series, and the Bring Logistics (Skedsmo, NO) reference — 9 Rocla VNA AGVs — states verbatim 'laser navigation in the master aisle and inductive wire navigation in the narrow aisles'. Hence Laser Reflector + Inductive Loop and guidance=Wire. This is the standard VNA arrangement (rail guidance is the alternative but is not documented for Rocla).
Two dimensional drawings are offered on the page for sub-variants 'AWTcs' and 'AWTct', both for ISO 1200x800 pallets — the drawings sit behind a lead-capture form so vehicle_length/width could not be read.
The Bring reference also documents real throughput: 173 pallets/hour across 9 vehicles into 81,200 pallet places at 419 in (~10.6 m) racking height — a FLEET figure, so deliberately NOT entered as a per-vehicle throughput field. Source: https://www.rocla-agv.com/agv-solution/automated-guided-vehicles/very-narrow-aisle-awt/",12750,,Standard rack|Conveyor,,,,Pallet EUR/ISO,ISO 3691-4,Proprietary,WMS|ERP|MES,,,,,,,1600,,,,,,,,,,,,,,,,,true,,VNA Turret,,,,,,,,,Telescopic,,,,,,,,,,,Wire,,,,,,,,,,,,,,,,,,,,,,,,,,,,,,,,
recDI3QDANLy01BW8,true,False,False,Natural Feature (SLAM),true,False,recL5oZVDep5mpLt6,OTTO 100,2,Mobile AMR,,True,true,150,29864881-b740-4b01-8736-81cc82a52257,OEM ottomotors.com — HIGH confidence. WARNING: model '100' = 150kg payload (not 100kg).,,,,,,True,,,,,,,,,,,,,,,,,,,,,,,,,,,,,,,,,,,,,,,,,,,,,,,,,,,,,,,,,,,,,,,,,,,,,,,,,,,,,,,,,,
recDPAIWVGXKDQjkJ,true,False,False,Natural Feature (SLAM)|Laser Reflector,,False,reca431q1BA3vbaXd,ek robotics X MOVE 1200,1.5,Mobile AMR,Li-Ion,,true,1200,f6203f9a-03ca-4eb4-bd61-dec9c85142ef,"Heavy transport AMR platform, 1200 kg payload. Same ek hybrid navigation (SLAM + reflector) as X MOVE 600. VDA5050 confirmed for the full X MOVE platform (all three original variants 300/600/1200). Safety fields dynamically adapt to speed and steering angle. Configurable top modules (roller conveyor, lifting column, lifting beam). Fleet Transport Manager (centralized). battery_type set to Li-Ion based on ek robotics' uniform LI-ION energy platform (exact Ah/runtime not published).

Source: https://ek-robotics.com/en/transport-robots/x-move/",,,,None,Transport,True,Custom Carrier,,Proprietary (Transport Manager),WMS|ERP|MES|OPC-UA,,,,,,,,,Flexible Route,,,,,,,,910,Map-based,Single plane (2D),1350,,Centralized,,,,,,,,,Custom,,,,,,,,,,,,,,,,,,,,,,,,,,,,,,,,,,,,,,,,,,,,,,,
recDx1DFJr0fCcLAx,,False,False,Natural Feature (SLAM),,True,recAgZBntNXQD0R3y,KIVNON K60 Stacker,,Forklift AGV,,True,,2000,eefbe9d3-6622-410a-be92-78c9005bc28f,,3000,,,,,True,,,,,,,,,,,,,,,,,,,,,,,,,,,,,,,,,,,,,,,,,,,,,,,,,,,,,,,,,,,,,,,,,,,,,,,,,,,,,,,,,,
recE0ILgHe9IV9r1y,true,False,False,Natural Feature (SLAM),true,False,recjD0XJRFZ7iT3QW,Omron LD-90,1.35,Mobile AMR,LiFePO4,True,true,90,8f11a124-b56a-48ee-bf97-0fe7c055d582,"Standard transport AMR, 90kg payload. Same 698×500mm platform as LD-60 but higher payload and lower top speed (1.35 m/s). Natural Feature SLAM. PLd safety. Battery LiFePO4 72Ah, 12h runtime at full payload, 130-min charge (20-80%). Cleanroom ISO 5 / Class 100 rated. Max slope 8.3% at ≤90kg payload. Fleet FLOW Core max 100 robots.

Source: https://assets.omron.eu/downloads/datasheet/en/v5/i639_ld-series_mobile_robots_datasheet_en.pdf",,,,None,Transport,,Custom Carrier,ISO 3691-4|ANSI/ITSDF B56.5|UL 3100,Proprietary (FLOW Core),WMS|ERP|MES,,,,,true,,,true,Flexible Route,,,,,,,5,500,Map-based,Single plane (2D),698,PLd,Centralized,40,true,8.3,,,,,true,Custom,100,12,130,,,,IP20,,95,,25,,,,,,,,,,,,,,,,,,,,,,,,,,,,,,,,,,,,
recEB6biclnu9P7ME,true,,False,Natural Feature (SLAM)|QR/DM Code,,False,recMMKI0mgd4fFPit,P200-CE,1.5,Mobile AMR,LiFePO4,True,true,200,e591a78c-654c-4700-83a1-0976041f2725,"[medium confidence] Open integration PLATFORM (no load handler of its own; 'support for more than 10 top modules and cobots'). Official current card: 'For Integration / 8 h Run Time / 1016*652*290 mm / I/O, Ethernet, WLAN, Power'. Deep specs from the full Youibot parameter table mirrored at https://www.eurobots.net/youibot-p200-en.html (variant 'P200-2', 1014*650*290 mm — within 2 mm of the current CE chassis): housing cold rolled steel; turning diameter 1124 mm; weight 180 kg; ambient temperature 0-40 without condensation; relative humidity 10-90 %; IP class IP20; cleanliness class max class 100; min floor flatness FF25 (ACI 117); navigation mode Laser SLAM; positioning precision +/-10 mm, angle precision +/-1 deg; max payload 200 KG; max speed 1.5 m/s; max speed of rotation 180 deg/s; traversal height 15 mm; traversal gap 30 mm; maximum incline 4 deg; driving wheel polyurethane dia. 150 mm; battery Lithium Iron Phosphate 48 V 60 Ah; charging mode Automatic / Manual / Quick Battery Replacement; 2 x safety laser lidars in the chassis; 2 x e-stops; 360 deg collision detection; WLAN IEEE 802.11 a/c.
DERIVATIONS AND CAVEATS: (a) max_gradient=7.0 % is the exact conversion of the published 'Maximum Incline 4 deg' (tan 4 deg = 6.99 %). (b) min_turning_radius=562 mm = half the published 1124 mm turning diameter (Top3DShop quotes 1130 mm for the same machine) — a straightforward derivation, flagged as such; note it is the swept-circle radius for rotating in place, not an Ackermann radius. Set NULL if the DB convention for this field is strictly Ackermann. (c) BATTERY RUNTIME CONFLICT: the official current P200-CE card says 8 h; the Eurobots table says '>=11H'; Top3DShop and other resellers quote 10 h standalone and 15 h. I recorded the OFFICIAL 8 h. charge_time=120 min is from the Eurobots table '<=2H'. (d) navigation_type includes QR/DM Code because Top3DShop and Youibot's own P-series marketing describe the P200 as using a 'laser/QR code navigation system'; the Eurobots table lists Laser SLAM only. (e) top_module_type from 'more than 10 top modules and cobots' plus the P/B-series prose 'rollers, belts, synchronous belt transfers, and backpack-style racks'. (f) safety_standard=['ISO 3691-4'] MEDIUM confidence, same reasoning as the L1000-CE: '-CE' product naming and 'CE certificate' shipped with the machine per Top3DShop, but the standard number is not printed on the Youibot page. (g) omnidirectional_movement=false: differential drive with a published turning diameter; Youibot introduces the P300 explicitly as 'an omnidirectional autonomous mobile robot', implying the P200 is not. (h) load_type left NULL — the P200 has no load handler; what it can carry depends entirely on the customer's top module. Source: https://en.youibot.com/products-category/p-series.html",,,,,Transport,,,ISO 3691-4,Proprietary,MES|WMS,Automotive|General Manufacturing,,,,,False,,true,,,,,,,,0,652,,Single plane (2D),1016,,,40,true,7,,,,562,,Roller|Conveyor|Shelf Carrier|Cobot arm|Custom,,8,120,,ISO 1–9,,IP20,,90,,10,,,,,,,,,,,,,,,,,,,,,,,,,,,,,,,,,,,,
recEJTuW34UTVQeKv,,False,False,Laser Reflector,,False,reccteW3JMdujS8KR,Jungheinrich EZS 350a,,Tugger AGV,Li-Ion,,true,,c98da7c7-b7c0-491b-835a-ec8d051c6652,"mhwmag.com EZS350a; 11,000 lb ≈ 5t towing; laser nav; dual auto+manual",,,,,,,None,ISO 3691-4 (verify),Proprietary,SAP|WMS,Automotive|General Manufacturing,,,,,,,true,Fixed Route,5000,,Automatic|Towbar,,,,,,,,,,,,,,,,,,,,,,,,,,,,,,,,,,,,,,,,,,,,,,,,,,,,,,,,,,,,,,,,,,
recEPHkVCTjOJH5Ml,,False,False,Laser Reflector|Natural Feature (SLAM),,True,rec1R7qiEwT4DywjK,Toyota OAE120CB Autopilot,2.2,Forklift AGV,,,true,1200,f1e74aec-4c14-404f-bd3a-dbef150c8a34,,4150,,,,,,,,,,,,,,,,3132,true,,,,,,,,,,,,,,,,,,,,,,,,,,,,,,,,,,,,,,,,,,,,,,,,,,,,,,,,,,,,,,,,,,,,,,
recEd4aKUPP3TiYkj,true,,,,,,recvPdC5DmRJhgNvl,HaiPick A3,,Mobile AMR,LiFePO4,,true,,51380139-7fd6-40fb-833c-6719e84c82ae,"[medium confidence] Fork-Lifting ACR, aimed at manufacturing rather than pure e-commerce fulfilment. lift_height 5550 corroborated by two sources: the official page ('up to 5.5m (18 feet) picking height') and qviro's spec entry ('Picking Height Range: 450-5550 mm'). Note qviro's same entry lists 'Payload: 0 kg', which is junk data and was ignored — do not backfill payload from there. cleanroom_class: page states 'Class10000 Cleanliness and Anti-static ... suitable for handling goods such as PCBs'. FED-STD-209E Class 10000 corresponds to ISO Class 7, which falls inside the AP0 'ISO 1-9' band — but note the AP0 vocabulary is coarse and cannot express 'ISO 7' specifically, so this value loses precision. load_type includes 'Custom Carrier' because the page states it handles 'goods of different shapes such as tires, trays and foam boxes' and works 'with different types of shelves, conveyors and other docking equipment'. onboard_container_count NOT recorded: qviro lists 'Number of Back Trays: 2/5/8', i.e. it is a variant-dependent build option, not a single model value. max_payload not published. AVAILABILITY NOTE from the page: 'The HaiPick A3 models are not available in Japan.' Source: https://www.hairobotics.com/robots/haipick-a3",,,,Bin-transfer,Goods-to-Person|Transport,,Tote|Custom Carrier,,,,Automotive|General Manufacturing|E-Commerce|3PL|Retail,,,,,,,,,,,,,,,,,,,,,,,,,,,5550,,,,,,,,ISO 1–9,,,,,,,,,,,,,,,Tote,,,Tote-to-Person,,,,,,,,,,,,,,,,,,,,,,,,
recExsHJrNynezNih,true,False,False,Contour|Magnetic Tape,true,False,recp05yoZHxjmmq2M,DS OSCAR Omni XL,1.6,Mobile AMR,,True,true,1250,15439331-2a8f-4d80-85b2-5088ae07c6e0,"Manual note from user research, 2026-08-06. Company-wide values from the 4 permitted ds-automotion.com technology pages: safety_standard ISO 3691-4 (DIN EN ISO 3691-4 + DIN EN 1525 named on /technologie/sicherheitstechnik/); functional_safety_level PLd ('nach EN Norm und Performance Level d produziert'); vda5050_compatible True ('Als einer von wenigen Herstellern bieten wir die VDA 5050 Schnittstelle...' on /technologie/sps-technologie/); integration_capability OPC-UA + MQTT from the same page (SAP|WMS|REST API carried over from the sibling DS records). industries_served 'General Manufacturing' = carried-over company default, not per-product evidence. Gemeinsam fuer alle OSCAR-Varianten: Navigation 'Freinavigierend mittels konturbasierter Lasernavigation (KBL) und optional Magnetpunktnavigation' -> ['Contour','Magnetic Tape'] (AP0 hat keinen Wert fuer Magnet-PUNKTE, nur 'Magnetic Tape' -- naechstliegend). min_turning_radius 0 und rotation_capable=True: 'spin' = Drehen auf der Stelle, 'omni' = holonom; Wert aus dem ersetzten Sammel-Datensatz 'DS OSCAR' uebernommen. top_module_type ['Lift'] abgeleitet aus der Hub-Angabe -- JUDGMENT CALL. load_type, infrastructure_free, autonomous_obstacle_bypass, autonomous_charging, workflow_capability und picking_mechanism aus dem ersetzten Sammel-Datensatz uebernommen. Die Hoehenangabe H (Groesse LxBxH) ist bei Unterfahr-AMR das Feld min_ground_clearance (= Gesamthoehe/Unterfahrhoehe des Roboters), belegt durch den Vorgaenger-Datensatz (min_ground_clearance 320 = H des OSCAR omni). OSCAR Omni XL: Nutzlast 1,25 t. Sicherheitsscanner 360 Grad -> safety_standard ISO 3691-4. Batterie 24 V / 120 Ah (Chemie nicht genannt -> battery_type NULL). Automatisches Laden. omnidirectional_movement=True.",,,,None,Transport,True,Roll Container|Custom Carrier,ISO 3691-4,VDA 5050 compatible|Open API,SAP|WMS|REST API|OPC-UA|MQTT,General Manufacturing,,,,,,,,,,,,,,,,900,,,1700,PLd,Centralized,,,,,true,200,0,,Lift,,,,,,,,380,,,,,,,,,,,,,,,,,,,,,,,,,,,,,,,,,,,,,,,
recF1gn9vZajynIp0,true,False,False,Natural Feature (SLAM)|QR/DM Code|Laser Reflector,true,False,recy7Wl3i8YrgziS0,Jungheinrich arculee XS,,Mobile AMR,Li-Ion,True,true,250,5ad910a4-fc2e-4bb2-b3d0-4682f026ac89,therobotreport.com arculus; platform AMR 505x540x400mm; by arculus (Jungheinrich subsidiary since 2021),,,,None,Transport,True,Tote|Custom Carrier,ISO 3691-4 (verify),Open API|VDA 5050 compatible,SAP|WMS|ERP|REST API,Automotive|General Manufacturing,,,,true,,,,,,,,,,,,540,,,505,,Centralized,,,,,,,,,Custom,,,,,,,,400,,,,,,,,,,,,,,,,,,,,,,,,,,,,,,,,,,,,,,,
recFG210lt5ulUog2,true,False,False,Natural Feature (SLAM),true,True,rece4PUANBkziyEpq,Open Shuttle Fork,,Forklift AGV,,True,,1300,b1912346-a4d4-4a2d-aee7-707e84c7609a,"OEM knapp.com Open Shuttle Fork — HIGH confidence. Low-mid lift (0-1200mm), pallet transport AMR.",1200,False,,,,True,,,,,,,,,,,,,,,,,,,,,,,,,,,,,,,true,,,,,,,,,,,,,,,,,,,,,,,,,,,,,,,,,,,,,,,,,,,,,,,,,,,
recFNgv9hvZxK6WJp,,False,False,Natural Feature (SLAM),,False,rec8t7dsVYV12reli,Balyo TRUCKY,2,Forklift AGV,,True,true,3000,68a2ae4a-a270-4d73-955d-5f7c97edc749,,125,,,,,True,,,,,,,,,,,,true,,,,,,,,,,,,,,,,,,,,,,,,,,,,,,,,,,,,,,,,,,,,,,,,,,,,,,,,,,,,,,,,,,,,,,
recFVSMM4vXZWhTdO,,False,True,Natural Feature (SLAM),true,False,recfjb20giFJOZj0p,Geek+ RoboShuttle P40,3.5,Mobile AMR,,False,,40,d21e82e0-9719-4d07-b055-fb1efb831f8a,,,False,,,,,,,,,,,,,,,,,,,,,,,,,,,,,,,,,,,,,,,,,,,,,,,,,,,,,,,,,,,,,,,,,,,,,,,,,,,,,,,,,,,,,,
recFXAROlC3T9A6CT,,False,False,Contour,true,False,rec8HS3eAvI8AYAQ8,DS AMY Lift,1.8,Mobile AMR,LiFePO4,True,true,25,c5cc69bf-1437-4bce-b96b-b7fe7ba5127a,"Manual note from user research, 2026-08-06. Company-wide values from the 4 permitted ds-automotion.com technology pages: safety_standard ISO 3691-4 (DIN EN ISO 3691-4 + DIN EN 1525 named on /technologie/sicherheitstechnik/); functional_safety_level PLd ('nach EN Norm und Performance Level d produziert'); vda5050_compatible True ('Als einer von wenigen Herstellern bieten wir die VDA 5050 Schnittstelle...' on /technologie/sps-technologie/); integration_capability OPC-UA + MQTT from the same page (SAP|WMS|REST API carried over from the sibling DS records). industries_served 'General Manufacturing' = carried-over company default, not per-product evidence. Gemeinsam AMY: Navigation konturbasiert -> 'Contour'. Kommunikation WLAN (kein AP0-Wert in integration_capability -> nur hier notiert). Schutzsystem Laserscanner vorne + hinten, optionale Kamera -> safety_standard ISO 3691-4. Geschwindigkeit 1,8 m/s. Batterietyp LFP -> 'LiFePO4'. Nutzlast 25 kg. vda5050_compatible, infrastructure_free, autonomous_charging und rotation_capable aus dem ersetzten Sammel-Datensatz 'DS Automotion AMY' uebernommen. HINWEIS: der Vorgaenger fuehrte navigation_type 'Natural Feature (SLAM)'; der neue Quelltext sagt 'konturbasiert' -> auf 'Contour' geaendert (Konvention der DS-Geschwister). Variante 'AMY Flap' wurde bewusst NICHT angelegt (keine Specs vorhanden). AMY Lift: L 640 x B 520 x H 580 mm. 'Aktiv gesteuerte HubKamm-Lastaufnahme' -- bedient passive Uebergabestationen und stationaere Foerdertechnik -> top_module_type ['Lift']; die Foerdertechnik-Anbindung hat keinen AP0-Wert in integration_capability. Eigengewicht 60 kg (kein AP0-Feld). lift_height NULL (Hubhoehe nicht angegeben).",,,,,,True,,ISO 3691-4,VDA 5050 compatible|Open API,SAP|WMS|REST API|OPC-UA|MQTT,General Manufacturing,,,,,,,,,,,,,,,,520,,,640,PLd,Centralized,,,,,,,,,Lift,,,,,,,,580,,,,,,,,,,,,,,,,,,,,,,,,,,,,,,,,,,,,,,,
recGHlLgLVTmWw9Uc,true,False,False,Natural Feature (SLAM),true,False,recnTAxyT2iOwjAAc,UniMover U 1500,,Mobile AMR,,True,,1500,08b82d9a-9e23-4eef-ba30-1dfe2d98937b,OEM page oceaneering.com — HIGH confidence.,,,,,,,,,,,,,,,,,,,,,,,,,,,,,,,,,,,,,true,,,,,,,,,,,,,,,,,,,,,,,,,,,,,,,,,,,,,,,,,,,,,,,,,,,
recGIgIKNbDGYAZ3y,,False,False,Natural Feature (SLAM),,True,recFs8W8bsA0V7qx9,Alstef GF10.1,,Forklift AGV,,,true,,2d0da769-c3c3-4229-9797-60777bc3ccc5,,1500,,,,,,,,,,,,,,,,,,,,,,,,,,,,,,,,,,,,,,,,,,,,,,,,,,,,,,,,,,,,,,,,,,,,,,,,,,,,,,,,,,,,,,,
recGciyxAs0EN5N6m,true,,False,Natural Feature (SLAM)|QR/DM Code,true,False,recoJuzB2aoJX8pT3,L600,,Mobile AMR,,True,true,600,d8851f59-41d0-4e48-a7cf-1a809281e038,"[medium confidence] Official card: '600 kg Lifting Payload / 8 h Run Time / 950*600*250 mm Size / SLAM/QR Code'. The headline feature is the 250 mm total chassis height ('industry-leading vehicle height of just 250 mm', '250 mm ultra-low vehicle height') and the compact 600 mm width — recorded as vehicle_width=600, vehicle_length=950; 250 mm is the chassis HEIGHT and there is no AP0 field for AMR overall height, so it is recorded here only. max_fleet_size=1000 from this model's own description: 'Integrated with Youibot's proprietary YOUI FLEET fleet management platform ... The system can seamlessly coordinate up to 1,000 AMRs'. stop_accuracy=10 from 'positioning accuracy of up to +/-10 mm using SLAM navigation and +/-5 mm when combining SLAM and QR codes'. infrastructure_free=true is explicitly supported: 'can be rapidly deployed in narrow aisles and low-clearance environments without requiring facility modifications'. rotation_capable=true is inherited from the L-series lift-and-rotate module — the L600 text does not restate it, so this one field is lower confidence than for the L300/L1000. lift_height (jacking stroke) NOT published for the L600 and it cannot simply be assumed equal to the L1000's 60 mm given the 250 mm ultra-low chassis — left NULL. No speed, battery chemistry, charge time, temperature, humidity, IP or gradient published for this model. Source: https://en.youibot.com/products-category/l-series-18.html",,,,,Transport,,Custom Carrier,,Proprietary,MES|WMS,Automotive|General Manufacturing,,,,,False,,true,,,,,,,,,600,,,950,,,,,,,,,,,Lift,1000,8,,,,,,,,,10,,,,,,,,,,,,,,,,,,,,,,,,,,,,,,,,,,,,
recGjBIZGv5tIdpnz,true,False,False,Natural Feature (SLAM),true,False,recSKwIYGWLbU3j2Q,MiR200,1.5,Mobile AMR,Li-Ion,True,true,200,cc6e8c3b-3760-476e-98b1-8da378a4ea65,,,False,,,,,,,,,,,,,,False,,,,,,,,,,,,,,,,,,,,,,,,,,,,,,,,,,,,,,,,,,,,,,,,,,,,,,,,,,,,,,,,,,,,,,,,
recGk4yGHY3miCZoO,,False,False,QR/DM Code,true,False,rec06rtbvRakwF5Tb,STILL ACH 06 iGo,2,Mobile AMR,Li-Ion,False,true,600,5585602a-eb01-4101-a6f9-ffa61f03bef1,,55,,,,,True,,,,,,,,,,,1473,true,,,,,,,,,,,,,,,,,,,,,,,,,,,,,,,,,,,,,,,,,,,,,,,,,,,,,,,,,,,,,,,,,,,,,,
recGnQNmEUxhCALzP,true,False,False,Natural Feature (SLAM),,True,reckYuAcsEEqPFZJq,Hikrobot F4-1000C,1.8,Forklift AGV,Li-Ion,True,,1000,91e8f12c-ae16-443f-906f-a90b11c202c4,"FMR straddle stacker forklift AGV. IFOY 2024 nominee. Payload 1000kg at 1.3m, 600kg at 3m. Lifting height ~2031mm (data sheet); can reach ~3000mm at reduced 600kg capacity. Speed 1.8 m/s (unloaded), 1.2 m/s (loaded). Chassis 400mm body-length, 1600mm total with forks, 800mm wide. Pallet detection: identifies up to 10° misalignment. Accuracy ±5mm. Battery 48V/70Ah Li-Ion, 8h runtime, 2h charge. Aisle: 2050mm minimum. drive_type=Straddle Stacker; forks_free_floating=FALSE. Fleet RCS 2000 (centralized). CE marked. Pallet size: DIN 1200×1000mm confirmed; EUR pallet compatibility inferred. SLAM navigation — no infrastructure required.

Source: https://logisticsbusiness.com/materials-handling/amr-agv/ifoy-test-report-hikrobot-f4-1000c-2/",2031,,,None,Transport,,Pallet EUR|Pallet ISO,,Proprietary (RCS 2000),WMS,,,,,true,,2050,,Flexible Route,,,,,,Camera/Vision,,800,Map-based,Single plane (2D),1600,,Centralized,,,,Straddle Stacker,,,,,,,8,120,,,,,,,,5,,,,,,,,,,,,,,,,,,,,,,,,,,,,,,,,,,,,
recHInLBIIoDCFnmO,true,False,False,Natural Feature (SLAM),,False,recYDa5d0UY3nTUlw,KNAPP Open Shuttle 50 ASG,1.5,Mobile AMR,LiFePO4,True,,50,95984a5f-1b60-4cb5-8efa-811d03100a93,,,False,,,,True,,,,,,,,,,,,,,,,,,,,,,,,,,,,,,,,,,,,,,,,,,,,,,,,,,,,,,,,,,,,,,,,,,,,,,,,,,,,,,,,,,
recHZSDzTwZS3tmV6,,False,False,Laser Reflector|Natural Feature (SLAM),,True,recWjch4z6R5HAUKL,Toyota RAE160 Autopilot,2,Forklift AGV,,,true,1600,1c52969b-3227-4803-8517-722c2787736a,,11000,,,,,,,,,,,,,,,,,true,,,,,,,,,,,,,,,,,,,,,,,,,,,,,,,,,,,,,,,,,,,,,,,,,,,,,,,,,,,,,,,,,,,,,,
recHjd66oOTQ6H38d,true,,False,Natural Feature (SLAM),true,,recju95O7VcQgEMLD,Dynamo 1000,2,Mobile AMR,LiFePO4|Li-Ion,True,true,1000,74041034-b833-4c33-b6f1-77e474beced7,"[high confidence] Datasheet: Payload 1000 kg; Dimensions 1550 x 950 x 280 mm; Weight 250 kg; Ground Clearance 25 mm; Max Speed 2 m/s (empty) / 1.5 m/s (loaded); Turning Radius Zero; Docking ±10 mm; Nav ±20 mm; IP20; 5G compatible; Battery LiFePO4/LTO 48V 40/22Ah; Run time 3-5 h (page: up to 5 h); Charging 24 min (0-80%) / 8 min (20-80%); Compliance CE, ISO 3691-4, EN ISO 12100, EN 60204-1, EN 1175-1. Attachments: Roller Conveyor, Chain Conveyor, Shelf Lifter, Pallet Lifter, Case Picker.
safety_coverage MEDIUM — base 'Navigational LiDAR (1x Front)', 3D LiDAR is an optional add-on.
load_type from the Pallet Lifter attachment + 1550x950 footprint (fits 1200x800 and 1200x1000 pallets).
An older third-party slide deck quotes Dynamo 1000 as 1900 x 1250 x 300 mm — superseded by the current Addverb datasheet used here. Source: https://addverb.com/automated-warehouse-robots/mobile-robots/autonomous-mobile-robot/",,,Floor|Conveyor|Mobile rack,,Transport|Picking support,,Pallet EUR/ISO,ISO 3691-4,Proprietary,ERP,,,,,,False,,true,,,,,,,,,950,,Single plane (2D),1550,,Centralized,,,,,,,0,,,,5,8,,,,IP20,25,,,10,,True,,,,,,,,,,,,,,,,,,,,,,,,,,,,,,,,,,
recI3uIMQAIijxCbG,true,,False,Natural Feature (SLAM),true,,recKJqwShVF9ncq4S,TORU,1.5,Mobile AMR,Li-Ion,True,,,7526ce17-6603-4a2b-9d56-fdcc1f6b5584,"[medium confidence] COMMERCIAL STATUS: TORU IS STILL OFFERED. It occupies a top-level slot in the site navigation ('Commissioning - The mobile picking robot TORU takes over the intelligent picking of small boxes'), has a full current product page, and is the core vehicle of an active partnership with NEOintralogistics (pay-per-pick complete system with buffer station and goods-to-employee station). The About page confirms 'We're the team behind SOTO and TORU'. Named customers: Zalando, Gabor, Schuurman, ASICS, BMW Group. Caveat: TORU's go-to-market today looks primarily like the NEO system rather than a standalone vehicle sale, and Magazino's own TORU datasheet download page (insights.magazino.eu/de/toru-datenblatt-de) now returns HTTP 404 - so no current official spec sheet exists. || CONFIRMED FROM MAGAZINO'S OWN PAGES (https://www.magazino.eu/en/products/toru/): 'TORU has a precise vacuum gripper arm. This allows it to pick up, lift and place cartons or special totes weighing up to 5.8 kg, with a max. size of 390 x 280 x 145 mm (L x W x H) ... Even entire stacks if necessary'; 'TORU can transport up to 16 objects simultaneously in its backpack rack. With its action range of 8 cm to 250 cm above the ground'; '2D and 3D cameras - TORU locates objects to be picked and free storage locations on the shelf. Using intelligent algorithms, TORU searches for the barcodes and can thus identify the correct object'; 'Due to the autonomous navigation of the robot, no adjustments by the customer in the form of lines or barcodes on the floor are necessary'; 'The lifting column enables fast, precise positioning of the gripper to any gripping height as well as agile rotation between the storage rack and the backpack'; 'Up to 20 hours a day'; 'The connection to a warehouse management system is uncomplicated via WLAN'; fleet software is 'ARC (Advanced Robot Control)', the 'control center of the TORU fleet ... connected to the inventory management system', incl. a 24/6 remote operations team; transfer stations: conveyor belt, flow rack, order-picking trolley (pick-cart), putwall. From https://www.magazino.eu/en/commissioning/: 'TORU picks safely and efficiently up to a height of 220 cm'; NEO KLT items up to 380 x 240 x 140 mm and 5 kg; 'Simple IT integration into existing WMS system possible with only 10-15 developer days'. || THIRD-PARTY CHASSIS SPECS (IEEE Spectrum Robots Guide, https://robotsguide.com/robots/toru): Length 137.5 cm, Width 68.5 cm, Height 193-291 cm (retracted to fully extended), Weight 235 kg, Speed 5.4 km/h (= 1.5 m/s), '60 sensors, including laser scanners at the front and rear, 2D and 3D cameras, and bumper sensors', 'Perception driven navigation based on simultaneous localization and mapping (SLAM)', 'Lithium-iron battery pack, 9 hours operation on a single charge'. The independent mobile-robots.com vendor directory gives the same chassis figures (1375 x 685 x 1930 mm, 235 kg, 1.5 m/s), which is why vehicle_length / vehicle_width / max_speed are entered at MEDIUM confidence despite not coming from Magazino directly. Both entries most likely trace back to Magazino's now-offline datasheet. || DERIVATIONS / JUDGEMENT CALLS: (1) lift_height=2500 from Magazino's own 'action range of 8 cm to 250 cm above the ground' - this is the gripper's maximum reach height, not a mast lift. Note the Commissioning page separately says 'picks ... up to a height of 220 cm' (probably the practical KLT picking height inside the NEO system) - minor internal inconsistency; 2500 mm is the figure Magazino publishes on the TORU product page itself. (2) picking_mechanism='Autonomous arm' from Magazino's own wording 'precise vacuum gripper arm'; physically it is a telescoping lifting column carrying a vacuum gripper, not a 6-axis articulated arm. If the AP0 semantics of 'Autonomous arm' implies an articulated manipulator, 'Bin-transfer' would be the better bucket. MEDIUM. (3) battery_type=Li-Ion at LOW confidence: IEEE says 'Lithium-iron battery pack', which strictly would be LiFePO4; Magazino publishes no chemistry. Li-Ion entered as the family. Consider NULL if strict. (4) battery_runtime=8 h at LOW confidence: sources conflict - IEEE says 9 hours on a single charge, aggregator/datasheet-derived sources say 'battery run time max. 8 hours, operating time max. 18 hours per day', and Magazino's own page says 'Up to 20 hours a day' (duty time including charging, not battery runtime). 8 is the conservative choice. (5) safety_coverage='Single plane (2D)' derived from the sensor list: safety-rated laser scanners front/rear plus bumper sensors; the 2D/3D cameras serve object perception/picking, not the safety field. MEDIUM. (6) autonomous_obstacle_bypass=true from 'navigate fully autonomously, using laser scanners to drive safely around people' - MEDIUM, Magazino's own text does not state bypass explicitly. (7) rotation_capable=true from 'agile rotation between the storage rack and the backpack'. (8) load_type / onboard_container_type: TORU's primary load is an individual shoe CARTON, for which the AP0 vocabulary has no exact bucket; 'Tote'/'Plastic Bin' cover the NEO-KLT variant TORU also handles. Flagged as an AP0 vocabulary gap. (9) industries_served from named customers and use cases (fashion/shoe e-commerce: Zalando, Gabor, Schuurman, ASICS; spare parts and small parts for production/assembly: BMW Group). (10) outdoor_capable=false: indoor rack-picking robot with a 2.9 m telescoping tower; no IP rating published anywhere. Negative asserted with high practical confidence. || NOT FOUND - LEFT NULL DELIBERATELY: max_payload (CRITICAL - this is a KO_IF_LT field. mobile-robots.com states '40 kg', but that same source publishes 360 kg for SOTO where the official datasheet says 240 kg, so its payload figures are demonstrably unreliable. Magazino publishes only the per-box limit of 5.8 kg and a 16-box capacity, and explicitly does NOT publish a total backpack payload. Recommend NULL and, if the value matters for a tender, ask Magazino/Jungheinrich directly), omnidirectional_movement, charge_time, autonomous_charging, battery_swap_capable, operating_temp_min/max, operating_humidity_max, ingress_protection_rating, cleanroom_class, floor_flatness_req, max_gradient, stop_accuracy, min_turning_radius, min_ground_clearance, safety_standard, functional_safety_level, vda5050_compatible (NOT claimed for TORU anywhere - only SOTO is explicitly VDA5050-compliant; do NOT copy the SOTO value across), max_fleet_size, multi_fleet_capable, manual_usage, onboard_ui, throughput_picks_per_hour (the '350+ picks per hour' figure on the Commissioning page belongs to the complete NEOintralogistics SYSTEM - buffer station, cobot arm and goods-to-employee station included - not to a single TORU, so it was deliberately not entered), storage_system_type. || NOT REPRESENTABLE IN THE CURRENT FIELD VOCABULARY: vehicle height 1930 mm retracted / 2910 mm extended; vehicle weight 235 kg; per-object weight limit 5.8 kg and per-object max dimensions 390 x 280 x 145 mm (there is no 'max single load weight' or 'max load carrier dimensions' field); minimum aisle width (Magazino markets TORU's 'narrow lane width required by TORU' as a storage-density advantage but publishes no number). Source: https://www.magazino.eu/en/products/toru/ | https://www.magazino.eu/en/commissioning/ | third-party chassis specs: https://robotsguide.com/robots/toru",,,Conveyor|Gravity rack|Standard rack|Workstation,Autonomous arm,Transport|Picking support,,Tote|Plastic Bin,,Proprietary,WMS,E-Commerce|Retail|General Manufacturing,,,,,False,,,,,,,,,Camera/Vision|Barcode/DataMatrix,,685,,Single plane (2D),1375,,Centralized,,,,,,2500,,,Shelf Carrier,,8,,,,,,,,,,,True,,,,16,,,Tote|Bin,,,,,,,,,,,,,,,,,,,,,,,,,,,
recIBjvlueDyUwcOv,,False,False,Natural Feature (SLAM)|Magnetic Tape|QR/DM Code,true,False,recql0KJTSjdDGqRX,Kivnon K05 Underride,1,Tugger AGV,Li-Ion,False,true,500,08b9f783-71f8-457d-aacb-30358c61324f,"mobile-robots.com/kivnon; K05: 500kg, 800x800x280, 215kg, 360° rotational, push-from-beneath",,,,,,True,Roll Container|Custom Carrier,None (CE/TÜV marks only),VDA 5050 compatible|Open API,MES|ERP|WMS,Automotive|General Manufacturing,,,True,,,,,Flexible Route,1000,Underride/Mouse,Automatic,,,,,,,,,,,,,,,,,,,,,,,,,,,,,,,,,,,,,,,,,,,,,,,,,,,,,,,,,,,,,,,,,,
recIhZ9snL4UfrcNe,true,False,,Natural Feature (SLAM),,False,rec4asw2Ok6WAWDJF,Vecna APT (Autonomous Pallet Truck),3,Forklift AGV,Lead-Acid,True,,3600,6a65a368-6bb8-4842-ab5f-4b69cb6151c1,"[high confidence] Manufacturer's own metric column: MAX PAYLOAD 7,936 lbs = 3,600 kg; L x W x H 115.8 x 43.4 x 81 in = 2,942 x 1,102 x 2,061 mm; VEHICLE SPEED 6.7 mph = 3 m/s; RIGHT ANGLE STACK 18 ft 6 in = 5.6 m; MINIMUM AISLE WIDTH AT MAX SPEED 8 ft 6 in = 2.6 m. AGE CAVEAT: this tear sheet was uploaded 2022/09 (internal filename dated 2021-11) while the AFL/ATG/CPJ sheets are 2026/03 -- APT data is one generation older, though the product page is live and the APT is still listed in 'the rest of our fleet'. min_aisle_width=5600 uses the RIGHT ANGLE STACK figure per the AP0 'working aisle' definition; the alternative travel figure is 2.6 m (see company notes for the reasoning). drive_type='Pallet Mover': the sheet describes it as a 'self-driving center rider' pallet truck with forks. stacking_capability=false -- no mast and no lift height is published anywhere; the '8,000 lbs double-stacked pallets' claim on the web page refers to carrying two pallets stacked as a single LOAD, not to stacking into racking (MEDIUM-HIGH within this record). Note that 8,000 lbs slightly exceeds the sheet's own 7,936 lbs max payload; 8,000 is almost certainly marketing rounding of 7,936 lbs (= exactly 3,600 kg), so max_payload stays at the sheet value of 3,600 kg. lifting_height deliberately NOT set: a pallet truck's fork lift stroke is real but is not published, and inventing ~200 mm would be a fabricated KO value. charge_time=240 from '4 hours charge time' -- note this is materially slower than the AFL/ATG's 1-2 h and is consistent with the older generation. battery_type=Lead-Acid ('standard lead acid and TPPL batteries'; no lithium listed). barcode_readers=true from 'LPN Scanning -- scans pallet barcodes and sends updates to your WMS'. autonomous_charging deliberately NOT set: the newer AFL/ATG sheets list it as a 'New!' add-on but this older APT sheet does not mention it at all, so its availability on the APT is genuinely unknown. manual_usage=true from 'Manual Mode: Ride-on with steering tiller'. Also published but with no AP0 field: FORK LENGTH 48 in / 1,219 mm, FORK WIDTH 9.3 in / 235 mm, FORK OUTSIDE SPREAD 27 in / 686 mm, WEIGHT (less battery) 2,164 lbs / 982 kg. The web page additionally advertises 'Task Interleaving' (real-time mission replanning) and handling of 'stringer, block, plastic pallets, with or without bottom boards' -- neither maps to a Forklift-AGV AP0 field (task_interleaving is Mobile-AMR-scoped; the pallet types do not map to the EUR/ISO load_type vocabulary), so both are recorded here in prose only. [FINALIZATION PASS] navigation_type=Natural Feature (SLAM) upgraded to fully confirmed via the official 'Pivotal Autonomous Navigation' page: Vecna builds 'a virtual map of your entire facility' and states 'Vecna AMRs are not limited to fixed routes and do not require any special infrastructure or markings to navigate'. This matches the AP0 mapping rule ('free navigation'/'marker-free'/'environment mapping' -> Natural Feature (SLAM)). autonomous_obstacle_bypass=true added on the same source: 'Free Space Reasoning(TM) allows AMRs to adjust their route and navigate around obstacles, without requiring assistance from workers', plus 'if congestion is too high on the prescribed route, Vecna's AMRs will pursue alternative available paths'. That is re-routing AROUND obstacles, exactly what the AP0 hint asks for, not merely stop-and-wait. This is a platform-level claim covering the whole fleet. fleet_control_architecture=Centralized added (MEDIUM): the Pivotal Orchestration Engine is a central cloud service that 'connects all routes and synchronizes with all vehicles in your fleet'; no swarm/on-board-negotiation claim exists. vda5050_compatible remains deliberately UNSET: a text scan of all seven Vecna sources collected (4 product pages, 4 tear sheets, navigation page, software-suite page, about page) returned ZERO occurrences of 'VDA' or '5050'. load_detection=['Barcode/DataMatrix'] added from the explicit 'LPN Scanning -- scans pallet barcodes and sends updates to your WMS' feature, which is how this truck identifies/verifies the pallet. Vecna also markets 'smart pallet detection' that 'scans the pickup area to identify the correct pallet ... and adjusts if anything is misaligned', but it never names the SENSOR modality, so 'Camera/Vision' and 'Laser/LiDAR profiling' were NOT added -- that would be guessing at the hardware. Source: https://www.vecnarobotics.com/apt-autonomous-pallet-truck/ | spec sheet: https://www.vecnarobotics.com/wp-content/uploads/2022/09/Vecna-Robotics-Tear-Sheet-Workhorse.20211109153340268.pdf",,,,,,,,ANSI/ITSDF B56.5,Proprietary,WMS,,,,,,,5600,true,,,,,,,Barcode/DataMatrix,,1102,,,2942,PLd,Centralized,,,,Pallet Mover,,,,,,,8,240,,,,,,,,,,,,,,,,,,,,,2061,,,,,True,,,,,,,,,,,,,,,,,,
recJ1Gu4pdjgSkzhd,,False,False,Natural Feature (SLAM),,True,recMuOVmWWCtUhZoW,Alstef GL,,Forklift AGV,,,true,,b6743176-4c53-4e70-b81f-0a07122b8a31,,3000,,,,,,,,,,,,,,,,,,,,,,,,,,,,,,,,,,,,,,,,,,,,,,,,,,,,,,,,,,,,,,,,,,,,,,,,,,,,,,,,,,,,,,,
recJ2hkKdhWpNXGwE,true,False,False,Natural Feature (SLAM),true,False,recpC505GWj75rLFK,Movu ifollow iL 600,2,Mobile AMR,,True,,600,6b076635-930d-4e92-8a43-2c89e558f0d2,"Underride AMR. Technology originally from iFollow (France, founded 2017), acquired by stow Group 2022, rebranded as Movu Robotics 2023. HQ: Lokeren (near Antwerp), Belgium. Payload variants: iL 300 (300kg), iL 600 (600kg), iL 1000 (1000kg), iL 1200 (1200kg) — all share identical 1340×760×170mm frame. Navigation: LiDAR + stereoscopic camera SLAM, fully autonomous, no reflectors/tapes/QR codes required. Operating temperature -25°C to +40°C (cold storage capable with battery thermal protection). Fleet: up to 200 robots. WMS integration via 'plugs into all known WMS'. Fleet control: proprietary Movu WES (Warehouse Execution System) web interface. NOTE: atlas (ASRS pallet shuttle) and escala (ASRS climbing robot) products are EXCLUDED per 'ASRS: machen wir nicht' rule. Battery type not explicitly confirmed; -25°C capability implies specialty Li-Ion with thermal management.

Source: https://www.movu-robotics.com/en/ifollow-amr-robots",,False,,None,Transport|Goods-to-Person,,Pallet EUR|Pallet ISO|Roll Container|Custom Carrier,,Proprietary (Movu WES),WMS,,,,,,,,,Flexible Route,,,,,,,-25,760,Map-based,Single plane (2D),1340,,Centralized,40,,,,,,,,Lift,200,10,120,,,,,,,,,,,,,True,,,,,,,,170,,,,,,,,,,,,,,,,,,,,,,,
recJ311ZjZIK6KxVq,,False,True,QR/DM Code|Natural Feature (SLAM),true,False,rec3Ap6W3lZ4p3VsD,Geek+ RoboShuttle (C200/C200M),,Mobile AMR,Li-Ion,False,true,,59d8d273-56f3-4464-b11c-12210a811cb2,blog.geekplus.com/4-types-g2p; C200M extended-depth bin-to-person; narrow-aisle; up to ~11m; 2.5x storage capacity claim,,False,,Bin-transfer,Goods-to-Person,,Tote|Bulk Bin,"None (CE EU models, verify)",Proprietary,WMS|REST API,E-Commerce|Retail|Pharma,,,,,,,,,,,,,,,,,,,,,Centralized,,,,,,,,,,,,,,,,,,,,,,,,,,,,,,,,Bin-to-Person|Tote-to-Person,,,,,,,11000,Custom API,,,,,,,,,,,,,,,,
recJGwzzSttkvUppB,,False,True,Natural Feature (SLAM),true,False,rectPC5hYTH4YaTCq,Geek+ P1200R,2,Mobile AMR,,False,true,1200,04a2720f-c3a3-44aa-b9c5-377fc19fc4b3,,,True,,,,,,,,,,,,,,,,,,,,,,,,,,,,,,,,,,,,,,,,,,,,,,,,,,,,,,,,,,,,,,,,,,,,,,,,,,,,,,,,,,,,,,
recJODAgqZudFggOg,,False,,Natural Feature (SLAM),true,False,recauHdlFeS7PUYUb,Stäubli PF6,1.1,Mobile AMR,,,,5443,37308a53-02f3-4569-8e6c-8a40e4d18ec5,,,,,,,,,,,,,,,,,,,,,,,,,,,,,,,,,,,,,,true,,,,,,,,,,,,,,,,,,,,,,,,,,,,,,,,,,,,,,,,,,,,,,,,,,,
recJeDduq9eB9VecD,true,False,False,Natural Feature (SLAM),,False,rec2fb9FzQa0CTG5k,MiR1200 Pallet Jack,1.5,Mobile AMR,Li-Ion,True,true,1200,b2627673-37d1-406d-8014-cb30286bbe7b,automationinc.com/mir; AI perception pallet pick/place; integrated pallet-jack forks (not undercarriage),,False,,None,Transport,True,Pallet EUR,ISO 3691-4,Open API,WMS|REST API,3PL|F&B|General Manufacturing,,,,,False,,,,,,,,,Camera/Vision (AI pallet detection),,,,,,,Centralized,,,,,,200,,,,,,,,,,,,,,,,,,,,,,,,,,,,,,,,,,,,,,,,,,,,,,,,,,
recJfUs3h5H5rf9rc,,False,False,Natural Feature (SLAM),,False,rechBXY8fA6JHqjbx,KIVNON K07,,Mobile AMR,,,,1000,505173e2-87d4-4cc7-8d05-5221852cdb4e,,,,,,,True,,,,,,,,,,,,,,,,,,,,,,,,,,,,,,,true,,,,,,,,,,,,,,,,,,,,,,,,,,,,,,,,,,,,,,,,,,,,,,,,,,,
recK1RQi0CPbTRna5,true,False,False,Contour|Magnetic Tape,true,False,recxid8f1Ir3M5p5Y,DS OSCAR Spin 180,1.6,Mobile AMR,,True,true,,da95963f-919c-4c49-80c7-0cdce421276e,"Manual note from user research, 2026-08-06. Company-wide values from the 4 permitted ds-automotion.com technology pages: safety_standard ISO 3691-4 (DIN EN ISO 3691-4 + DIN EN 1525 named on /technologie/sicherheitstechnik/); functional_safety_level PLd ('nach EN Norm und Performance Level d produziert'); vda5050_compatible True ('Als einer von wenigen Herstellern bieten wir die VDA 5050 Schnittstelle...' on /technologie/sps-technologie/); integration_capability OPC-UA + MQTT from the same page (SAP|WMS|REST API carried over from the sibling DS records). industries_served 'General Manufacturing' = carried-over company default, not per-product evidence. Gemeinsam fuer alle OSCAR-Varianten: Navigation 'Freinavigierend mittels konturbasierter Lasernavigation (KBL) und optional Magnetpunktnavigation' -> ['Contour','Magnetic Tape'] (AP0 hat keinen Wert fuer Magnet-PUNKTE, nur 'Magnetic Tape' -- naechstliegend). min_turning_radius 0 und rotation_capable=True: 'spin' = Drehen auf der Stelle, 'omni' = holonom; Wert aus dem ersetzten Sammel-Datensatz 'DS OSCAR' uebernommen. top_module_type ['Lift'] abgeleitet aus der Hub-Angabe -- JUDGMENT CALL. load_type, infrastructure_free, autonomous_obstacle_bypass, autonomous_charging, workflow_capability und picking_mechanism aus dem ersetzten Sammel-Datensatz uebernommen. Die Hoehenangabe H (Groesse LxBxH) ist bei Unterfahr-AMR das Feld min_ground_clearance (= Gesamthoehe/Unterfahrhoehe des Roboters), belegt durch den Vorgaenger-Datensatz (min_ground_clearance 320 = H des OSCAR omni). OSCAR Spin 180: Schutzfeld 180 Grad (nicht 360). Batterie 48 V / 30 Ah. KEINE Nutzlast im Quelltext -> max_payload bleibt NULL (KO-Feld, nicht raten). battery_type NULL: nur Spannung/Kapazitaet genannt, keine Chemie. Das 180-Grad-Schutzfeld hat kein passendes AP0-Feld (safety_coverage beschreibt 2D/3D, nicht die horizontale Abdeckung) -> nur hier notiert. omnidirectional_movement NULL ('spin' = Drehen auf der Stelle, nicht zwingend holonom).",,,,None,Transport,True,Roll Container|Custom Carrier,ISO 3691-4,VDA 5050 compatible|Open API,SAP|WMS|REST API|OPC-UA|MQTT,General Manufacturing,,,,,,,,,,,,,,,,560,,,1620,PLd,Centralized,,,,,,80,0,,Lift,,,,,,,,260,,,,,,,,,,,,,,,,,,,,,,,,,,,,,,,,,,,,,,,
recK7S3FZYyGiuKJd,,False,False,Contour|Natural Feature (SLAM),,False,recTtuxBh1j59fR8b,DS ROLLGANG Mono,1.6,Mobile AMR,Lead-Acid|Li-Ion,True,true,1250,b88c11c5-6769-47a9-9f3a-464bb15c18f9,"Manual note from user research, 2026-08-06. Company-wide values from the 4 permitted ds-automotion.com technology pages: safety_standard ISO 3691-4 (DIN EN ISO 3691-4 + DIN EN 1525 named on /technologie/sicherheitstechnik/); functional_safety_level PLd ('nach EN Norm und Performance Level d produziert'); vda5050_compatible True ('Als einer von wenigen Herstellern bieten wir die VDA 5050 Schnittstelle...' on /technologie/sps-technologie/); integration_capability OPC-UA + MQTT from the same page (SAP|WMS|REST API carried over from the sibling DS records). industries_served 'General Manufacturing' = carried-over company default, not per-product evidence. Gemeinsam ROLLGANG: Navigation KBL / SLAM -> ['Contour','Natural Feature (SLAM)']. Automatisches Laden. Sicherheit ISO 3691-4. Einsatz: Palettentransport EPAL/IPAL von Foerdertechnik zu Foerdertechnik -> load_type ['Pallet EUR','Pallet ISO'], top_module_type ['Roller']. Neues Base Model (existierte bisher nicht). lift_height NULL: das Fahrzeug hat keinen Hub, die Uebergabe erfolgt horizontal ueber den Rollgang. ROLLGANG Mono: Nutzlast 1250 kg, 1,6 m/s. Uebergabehoehe 500 mm oder hoeher (kein sauber passendes AP0-Feld -> nur hier notiert). Batterie Blei-Gel 24 V / 240 Ah oder Lithium 24 V / 120 Ah -> ['Lead-Acid','Li-Ion'].",,,,,,True,Pallet EUR|Pallet ISO,ISO 3691-4,VDA 5050 compatible|Open API,SAP|WMS|REST API|OPC-UA|MQTT,General Manufacturing,,,,,,,,,,,,,,,,,,,,PLd,Centralized,,,,,,,,,Roller,,,,,,,,,,,,,,,,,,,,,,,,,,,,,,,,,,,,,,,,,,,,,,,
recKDlvrE1idUeZYH,true,False,False,Inductive Loop,,True,recpeNis3EC3zoKTz,Grenzebach FF1200S,2,Forklift AGV,LiFePO4,False,,1200,f13bb6d9-1e94-475a-8e8e-e5bcad67ab1b,"Straddle stacker forklift AGV for euro pallets. Support legs straddle the pallet sides. Lifting height 1200mm (racking level 1), max payload 1200kg (1500kg on request). Speed 2.0 m/s. Newer product page specs used (contour navigation, dimensions ~1725×800mm, turning radius 1450mm, aisle 2800mm). 2021 PDF datasheet showed older version: 3000mm lift, inductive track guidance, 1.5 m/s — those specs are for legacy model. forks_free_floating=FALSE (Straddle Stacker rule). Env conditions from 2021 PDF (5-40°C, 70% humidity max). Fleet: Fleet Manager (VDA5050-compatible software, vehicle VDA5050 not confirmed).

Source: https://www.grenzebach.com/en/markets/intralogistics/automated-guided-vehicles/ff1200s/",1200,,,None,Transport,,Pallet EUR|Pallet ISO,,Proprietary (Fleet Manager),WMS,,,,,true,,2800,,Flexible Route,,,,,,,5,800,Map-based,Single plane (2D),1725,,Centralized,40,,,Straddle Stacker,,,,,,,,,,,,,,70,,15,1450,,,,,,,,,,,,,,,,,,,,,,,,,,,,,,,,,,,
recKFSeK9Ygr47as9,,False,False,,,True,recbj8Ef7ilSVrHZ1,ek robotics VARIO MOVE CB,2,Forklift AGV,Li-Ion,,true,1600,ea771e8c-37b1-485c-8745-613082e1ba64,"Modular high-lift counterbalanced forklift AGV. Payload up to 1600 kg (CB variant with cantilever forks), max lifting height 5000mm. Max speed 2.0 m/s. Battery: Li-Ion with opportunity charging (10 min top-up from 60% to 80%) enabling autonomous continuous operation. VARIO MOVE platform has 5 variants: L (high-lift reach), CB (counterbalanced), AS (straddle), CT (conveyor), CTO (omnidirectional conveyor). Navigation: platform supports all major nav technologies — specific type not fixed (configurable per project). Red Dot Award winner. forks_free_floating=TRUE (counterbalanced variant). Fleet Transport Manager. multi_load_compatibility: CB has graduated load modules for different payloads.

Source: https://ek-robotics.com/en/transport-robots/vario-move/",5000,,,None,Transport,True,Pallet EUR|Pallet ISO,,Proprietary (Transport Manager),WMS|ERP|MES|OPC-UA,,,True,,,,,,Flexible Route,,,,,,,,,Map-based,Single plane (2D),,,Centralized,,,,Counterbalanced,,,,,,,,,,,,,,,,,,,,,,,,,,,,,,,Manual,,,,,,,,,,,,,,,,,,,,,
recKLZyiSvb5xlO7Y,true,,False,Natural Feature (SLAM),,False,rec1NeWGIy9sJJzw1,B300,,Mobile AMR,,True,true,300,ee5d28e4-6a12-494a-b35f-4f2c0cf34a40,"[medium confidence] Identical chassis and identical marketing text to the B150 but rated 300 kg: 'With a 300kg payload, the mobile robot platform Youibot B300 seamlessly blends high load capacity with unparalleled flexibility'. Card: 'For Integration / 8 h Run Time / 780*550*290 mm / I/O, Ethernet, WLAN, Power'. Same sourcing, same caveats and same NULLs as the B150 entry (incl. safety_coverage left NULL because of the 260 deg front scanner layout). Note the B150 and B300 share the same 780*550*290 mm envelope — the difference is the drive/structure rating, not the footprint. Source: https://en.youibot.com/products-category/p-series.html",,,,,Transport,,,,Proprietary,MES|WMS,Automotive|General Manufacturing,,,,,False,,true,,,,,,,,,550,,,780,,,,true,,,,,,,Roller|Conveyor|Shelf Carrier|Custom,200,8,,,,,,,,,,,,,,,,,,,,,,,,,,,,,,,,,,,,,,,,,,,,,
recKS6t3yWhPfnFZu,,False,False,Natural Feature (SLAM),,False,rec7qDQNeF1vZ2xEh,SAFELOG AGV X1,,Mobile AMR,,True,true,1200,9e750d5d-ed5a-4494-9478-2c8b9b72e68d,"search snippet — MEDIUM confidence. Lift 80mm = under-pallet jack only, not a stacking forklift.",80,,,,,True,,,,,,,,,,,,,,,,,,,,,,,,,,,,,,,,,,,,,,,,,,,,,,,,,,,,,,,,,,,,,,,,,,,,,,,,,,,,,,,,,,
recKUtxbe4c53mcOo,,False,False,Laser Reflector|Natural Feature (SLAM),,True,recmWrEoOVNCK0g0L,STILL EXV iGo,,Forklift AGV,Li-Ion,True,true,1600,63745094-53ca-4f9d-ba41-d211cb0d58ef,synaos still-exv-16-igo; IFOY 2024 winner; high-lift pallet truck; wide-aisle/block storage,3800,,Floor|Standard rack|Dock,,,True,Pallet EUR,ISO 3691-4,Proprietary (iGo TCS),SAP|WMS,General Manufacturing|F&B,,,,,,,true,,,,,,,,,,,,,,Centralized,,,,Straddle Stacker,,,,,,,,,,,,,,,,,,,,,,,,,,,,,,,,,,,,,,,,,,,,,,,,,,,,
recKbwew3rSmFYow1,true,False,False,Natural Feature (SLAM),,False,rec6gLXAHVPXCoQ8J,Movu ifollow iL300,,Mobile AMR,,True,,300,0b2aa53b-4b65-480f-b5f0-3190804b05b7,,,False,,,,,,,,,,,,,,,,,,,,,,,,,,,,,,,,,,,,,,,,,,,,,,,,,,,,,,,True,,,,,,,,,,,,,,,,,,,,,,,,,,,,,,,
recKe0h9WWq1LnLda,,False,,Natural Feature (SLAM),true,False,rec4TE7c7GTwzZrLB,Geek+ MP1000R,1.5,Mobile AMR,,,,1000,ce8949d2-5d76-4702-8ae4-fe63465b9c72,,,,,,,,,,,,,,,,,,,,,,,,,,,,,,,,,,,,,,,,,,,,,,,,,,,,,,,,,,,,,,,,,,,,,,,,,,,,,,,,,,,,,,,,,
recLC0uIJCh68Nrk4,,False,False,Laser Reflector|Contour,,False,recx92aNIBEj8czAo,DS AMADEUS Tugger,,Tugger AGV,Li-Ion,,true,,6d6f93d8-7bc6-4c1b-a433-ce5b844666ca,ds-automotion.com; up to 4.5t towing,,,,,,True,None,ISO 3691-4,VDA 5050 compatible|Open API,SAP|WMS|REST API,Automotive|General Manufacturing,,,,,,,true,Flexible Route,4500,,Automatic|Manual,,,,,,Map-based,,,,Centralized,,,,,,,,,,,,,,,,,,,,,,,,,,,,,,,,,,,,,,,,,,,,,,,,,,,,,,,,
recLJhxKsyWhoZMU7,,False,False,Natural Feature (SLAM)|Magnetic Tape|QR/DM Code|Laser Reflector,,False,recUw3pJX7JUkB0a3,Kivnon K41 Platform,1,Mobile AMR,Li-Ion,,true,250,678e6587-6fe3-4936-bd61-90e7422c7cc9,"mobile-robots.com/kivnon K41; open-platform AMR 250kg, 1550x800x220mm, 1m/s; VDA5050; 2D SLAM+mag+reflectors+QR; CE+TÜV; custom superstructures",,,,None,Transport,True,Custom Carrier,None (CE/TÜV marks only),VDA 5050 compatible|Open API,MES|ERP|WMS|REST API,Automotive|General Manufacturing,,,,,,,,,,,,,,,,800,,,1550,,Centralized,,,,,,,,,Custom,,,,,,,,220,,,,,,,,,,,,,,,,,,,,,,,,,,,,,,,,,,,,,,,
recLPoMd4LS0aQip2,true,,,,,,reccdw6S5VuDvg0Of,HaiPick A42,,Mobile AMR,LiFePO4,,true,,16998666-3a77-4e8a-b2c9-5aca5cc43309,"[medium confidence] Multi-Layer ACR — base model of the A42 series ('four models'). FIT: floor-roaming mast robot, NOT rack-climbing; entered as Mobile AMR per the Geek+ RoboShuttle precedent (see researcher_notes). lift_height 6000 from 'picking and storage of cases up to a height of 6m (19.7 feet)'. onboard_container_count 9 from 'can handle up to 9 cases simultaneously'. battery_type from HAI's own FAQ on this page: 'The HaiPick system uses lithium-iron phosphate batteries in all its models' — this is an explicit range-wide statement, so LiFePO4 is confirmed rather than inferred. autonomous_charging from the FAQ: 'the HaiPick robot ... automatically moves to a charging station'. autonomous_obstacle_bypass from 'obstacle detection, active obstacle avoidance'. max_payload DELIBERATELY OMITTED — this page states no kg figure, and the range-level figures conflict (30 kg per tote on sibling pages vs '50 kg' on the HaiPick System 3 page). picking_mechanism 'Bin-transfer' is the closest AP0 vocabulary match to a fork-based tote extractor — a mapping judgement, not a published spec. Confidence medium overall because most values are marketing bullets and no dimensional data is published. Source: https://www.hairobotics.com/robots/haipick-a42",,,,Bin-transfer,Goods-to-Person,,Tote,,,,E-Commerce|3PL|Retail|Automotive|Pharma|General Manufacturing,,,,,,,,,,,,,,,,,,,,,,,,,,,6000,,,,,,,,,,,,,,,,,,,,9,,,Tote,,,Tote-to-Person,,,,,,,,,,,,,,,,,,,,,,,,
recLVLj2jw1DxTfIb,true,False,False,Laser Reflector,,True,recOI0Ic08XdpQSB5,Linde R-MATIC k (R-MATIC 17 k),2,Forklift AGV,Lead-Acid|Li-Ion,True,true,1550,5a6fc0d5-d1bc-4de0-87f9-1d3c72a19eea,"Automated reach truck, Series 5190. Three variants: R-MATIC 12 k (1070kg), R-MATIC 17 k (1550kg), R-MATIC 25 k (2330kg). Entry based on R-MATIC 17 k as representative. Navigation: Laser Reflector ('Reflector-based navigation for precise storage and retrieval position') — infrastructure_required=TRUE. Max lift h3: 10274mm (largest triplex mast option for R-MATIC 17 k); standard config h3: 6874mm. Aisle width 3075mm (800×1200 pallet lengthways). Dual mode: manual operation possible. Fleet: MATIC:move / MATIC:move+ (proprietary Linde software). Autonomous charging contact optional. Battery: Lead-Acid 465Ah or Li-ION 48/35kWh options. 2D pallet positioning system for misaligned pallets. drive_type=Reach Truck; forks_free_floating=TRUE. Safety: 360° scanner standard.

Source: https://www.linde-mh.com/media/Datasheets/EN_ds_r_matic_k_5190_en_a_0425_view.pdf",10274,False,,None,Transport,True,Pallet EUR|Pallet ISO,,Proprietary (MATIC:move),,,True,True,,,False,3075,true,Flexible Route,,,,,Triplex,Camera/Vision,,1464,Map-based,Single plane (2D),2686,,Centralized,,,,Reach Truck,,,,,,,,,,,,,,,,,1710,,,,,,true,,,,,,,,,,,,,,,,,,,,,,,,,,,,,
recLhXPOf6rQ4C3In,,False,,Vision|Natural Feature (SLAM),,True,recpc4rKaZOBIRNBE,Lift EL1,1.52,Forklift AGV,,True,,1134,59c84177-604f-4d82-bca6-8e70f67ade52,"[high confidence] Hero: ""5' 2\"" LIFT HEIGHT | 2,500 LB LOAD CAPACITY""; Key Specifications block: Max Lift Height 5'2"", Payload Capacity 2,500 lbs, Maximum Automatic Speed 3.4 mph, Safety 'Layered 2D & 3D LiDAR sensors', Forks 'ITA Rated; 42\"" Standard, 36\""-48\"" Optional'.
CONVERSIONS: 2500 lb x 0.45359237 = 1133.98 -> 1134 kg. 5'2"" = 62 in x 25.4 = 1574.8 -> 1575 mm. 3.4 mph x 0.44704 = 1.5199 -> 1.52 m/s.
navigation_type: page states 'proprietary 3D computer vision, LiDAR/SLAM and payload detection technology'; FAQ 'navigates using infrastructure-free 3D LiDAR SLAM technology. It maps your facility digitally'. Both Vision and SLAM explicitly named -> both set.
infrastructure_free: FAQ 'Does the Lift EL1 require floor tape or magnets to navigate? No.' - explicit, HIGH.
vda5050_compatible / fleet_management_system: page states 'fully VDA 5050 2.1 compliant' three separate times incl. a dedicated FAQ. This is the ONLY Seegrid model with an explicit per-model VDA 5050 claim - HIGH.
safety_standard + safety_coverage: 'engineered to strictly adhere to ANSI B56.5 and ISO/IEC industrial autonomous vehicle safety standards, utilizing overlapping 3D sensor fields'. Note UL 583 (cited elsewhere by Seegrid for the tow tractor) is an electrical standard for battery-powered industrial trucks and was deliberately NOT mapped to AP0's 'UL 3100' (the AGV/AMR safety standard) - they are different standards.
manual_usage: CR1 FAQ states 'all of our AMRs are hybrid, meaning they use off-the-shelf chassis with custom-built Seegrid technology to allow for manual or autonomous operations' - line-wide statement, HIGH.
stacking_capability: MEDIUM. Not stated as a word, but derived: real mast lift of 1575 mm plus stated workflows 'Inbound to Putaway - transport payloads from inbound staging to bulk storage'. A 1.5 m mast places a second pallet level.
load_type: MEDIUM. /forkables/ page shows Seegrid Lift AMRs handling 48x40 (US GMA pallet, = ISO 6780 1219x1016 -> 'Pallet ISO'), plus 30x30, 96\""x78\"" and 62\""x96\"" non-pallet payloads -> 'Custom Carrier'. 'Pallet EUR' deliberately NOT set: 800x1200 mm Euro pallets are not evidenced for this US-market product and the 42\"" standard fork would overhang the 800 mm face.
load_detection: /safety/ page 'It uses its vision system to identify and precisely locate the forkable pockets of the payload' + layered 2D/3D LiDAR -> Camera/Vision + Laser/LiDAR profiling. HIGH-MED.
integration_capability: MEDIUM. VDA5050 press coverage (July 2025) states 'Seegrid released a robust MQTT API that enables its AMRs to connect with today's industrial automation and orchestration systems'. Company-wide statement, not EL1-specific.
station_applications: MEDIUM, from the page's own workflow list: 'Pick + Drop from/to Wrappers, Conveyors, etc.' -> Conveyor; inbound/outbound staging on floor -> Floor; cross-docking -> Dock. 'Standard rack' NOT set (bulk/floor storage stated, racking not).
industries_served: page says 'space-constrained warehousing, 3PL facilities, and large retail fulfillment centers'. AP0 has no 'Warehousing' option -> mapped to 3PL + Retail only.
NOT FOUND (left NULL): vehicle dimensions, weight, battery type/runtime/charge time, autonomous_charging (Auto-Charge is documented for RS1/CR1/S7 but NOT mentioned on the EL1 page - deliberately not carried over), min_aisle_width, drive_type, mast_type, stop/drop/pick accuracy, all environmental specs, max_fleet_size. Source: https://seegrid.com/autonomous-mobile-robots/lift-el1-amr/",1575,,Floor|Conveyor|Dock,,,True,Pallet ISO|Custom Carrier,ANSI/ITSDF B56.5,VDA 5050 compatible,MQTT,3PL|Retail,,,,,,,true,,,,,,,Camera/Vision|Laser/LiDAR profiling,,,,Full 3D,,,,,,,,,,,,,,,,,,,,,,,,,,,,,,,,,,,,,,,,,,,,,,,,,,,,,,,,,,,
recLuUYBVco4bMZrz,,False,False,Laser Reflector,,False,recnHtbxgbVz6fXxo,E80 Quad LGV,,Forklift AGV,,False,true,4000,f58f4e54-e096-40fb-8fc8-1a863fa11e7e,,,,,,,,,,,,,,,,,,,,,,,,,,,,,,,,,,,,,,,,,,,,,,,,,,,,,,,True,,,,,,,,,,,,,,,,,,,,,,,,,,,,,,,,,,
recLwycfgjf2BhyjY,true,False,False,Contour|Natural Feature (SLAM),,False,recOknsEPQIu4WsPL,DS SALLY Rollgang,1.6,Mobile AMR,LiFePO4,True,true,100,29ea9bc6-4e35-413c-af4a-6403bc641223,"Manual note from user research, 2026-08-06. Company-wide values from the 4 permitted ds-automotion.com technology pages: safety_standard ISO 3691-4 (DIN EN ISO 3691-4 + DIN EN 1525 named on /technologie/sicherheitstechnik/); functional_safety_level PLd ('nach EN Norm und Performance Level d produziert'); vda5050_compatible True ('Als einer von wenigen Herstellern bieten wir die VDA 5050 Schnittstelle...' on /technologie/sps-technologie/); integration_capability OPC-UA + MQTT from the same page (SAP|WMS|REST API carried over from the sibling DS records). industries_served 'General Manufacturing' = carried-over company default, not per-product evidence. Gemeinsam SALLY: Batterie LiFePo4 -> 'LiFePO4'. omnidirectional_movement, min_turning_radius, load_type, industries_served, infrastructure_free, autonomous_charging, autonomous_obstacle_bypass, workflow_capability und picking_mechanism aus dem ersetzten Sammel-Datensatz 'DS SALLY' uebernommen. SALLY Rollgang: identisch zur Basis-SALLY (100 kg, 1,6 m/s), aber mit Rollgang-/Foerderaufbau -> top_module_type ['Roller'].",,,,None,Transport,True,Tote|Custom Carrier,ISO 3691-4,VDA 5050 compatible|Open API,SAP|WMS|REST API|OPC-UA|MQTT,General Manufacturing|3PL|Pharma,,,,,,,,,,,,,,,,,,,,PLd,Centralized,,,,,true,,0,,Roller,,,,,,,,,,,,,,,,,,,,,,,,,,,,,,,,,,,,,,,,,,,,,,,
recMM6lQB88CfQBYT,,False,False,Laser Reflector|Natural Feature (SLAM),,True,rec5CfBym9pxvkSVx,DS AMADEUS Grip,1.8,Forklift AGV,Li-Ion|Lead-Acid,,true,2000,8f074acf-a9b6-44eb-9226-d75e7c70c4bc,"Manual note from user research, 2026-08-06. Company-wide values from the 4 permitted ds-automotion.com technology pages: safety_standard ISO 3691-4 (DIN EN ISO 3691-4 + DIN EN 1525 named on /technologie/sicherheitstechnik/); functional_safety_level PLd ('nach EN Norm und Performance Level d produziert'); vda5050_compatible True ('Als einer von wenigen Herstellern bieten wir die VDA 5050 Schnittstelle...' on /technologie/sps-technologie/); integration_capability OPC-UA + MQTT from the same page (SAP|WMS|REST API carried over from the sibling DS records). industries_served 'General Manufacturing' = carried-over company default, not per-product evidence. Nutzlast max 1,2 t / 2,0 t -> max_payload = 2000. Geschwindigkeit/Hubhoehe/Navigation/Energie/Batterie wie AMADEUS Wide. Energieversorgung: automatisches Laden + manueller Batteriewechsel. Batterie Li-NMC (24 V / 208 Ah / 312 Ah) oder Blei/Reinblei/Blei-Gel (24 V / 375 Ah) -> battery_type ['Li-Ion','Lead-Acid'] (Li-NMC ist eine Li-Ion-Chemie; AP0 kennt kein 'NMC'). AC-Antriebe, 360 Grad Laserscanner. Einsatz: Styroporblocke, Baustoffe. KEIN passender AP0-Wert in industries_served (weder 'Construction' noch 'Building Materials' existieren) -> Company-Default 'General Manufacturing' gesetzt, echter Einsatzbereich nur hier notiert. special_fork_option BEWUSST NULL: Modellname 'grip' + Styroporblocke legen ein Klammer-/Greifanbaugerat ('Clamp') nahe, der Quelltext nennt es aber nicht explizit -- COND_KO-Feld, daher NULL statt Rateversuch. drive_type ebenfalls NULL (nicht belegt). load_type NULL (Styroporblocke/Baustoffe passen auf keinen AP0-Wert).",2880,,,,,True,,ISO 3691-4,VDA 5050 compatible|Open API,SAP|WMS|REST API|OPC-UA|MQTT,General Manufacturing,,,,,,,,,,,,,,,,,,,,PLd,Centralized,,true,,,,,,,,,,,,,,,,,,,,,,,,,,,,,,,,,,,,,,,,,,,,,,,,,,,,,,
recMswnJX10QqcmCE,,False,False,Contour,,False,rec5RgM2gaNybDehF,DS AMADEUS Rack,1.8,Forklift AGV,Li-Ion,,true,2200,2901fa0c-814e-46bc-bff8-92f5336ad61b,"Manual note from user research, 2026-08-06. Company-wide values from the 4 permitted ds-automotion.com technology pages: safety_standard ISO 3691-4 (DIN EN ISO 3691-4 + DIN EN 1525 named on /technologie/sicherheitstechnik/); functional_safety_level PLd ('nach EN Norm und Performance Level d produziert'); vda5050_compatible True ('Als einer von wenigen Herstellern bieten wir die VDA 5050 Schnittstelle...' on /technologie/sps-technologie/); integration_capability OPC-UA + MQTT from the same page (SAP|WMS|REST API carried over from the sibling DS records). industries_served 'General Manufacturing' = carried-over company default, not per-product evidence. Nutzlast max 2,2 t. Geschwindigkeit max 1,8 m/s. Hubhoehe 350 mm. Navigation: konturbasierte Lokalisierung -> 'Contour'. Energieversorgung: automatisches Laden (KEIN Batteriewechsel genannt -> battery_swap_capable bleibt NULL, nicht False -- Blank != Zero). Batterie 'Lithium' ohne Chemie-Angabe -> 'Li-Ion' (naechstliegender AP0-Wert). AC-Antriebe, 360 Grad Laserscanner. Einsatz: Transport von Serverschraenken -> load_type 'Custom Carrier'; kein AP0-Wert fuer 'IT/Data Center' in industries_served -> Company-Default gesetzt, echter Einsatzbereich nur hier notiert. stacking_capability=False abgeleitet aus 350 mm Hubhoehe -- JUDGMENT CALL. drive_type NULL (nicht belegt).",350,,,,,True,Custom Carrier,ISO 3691-4,VDA 5050 compatible|Open API,SAP|WMS|REST API|OPC-UA|MQTT,General Manufacturing,,,,,,,,,,,,,,,,,,,,PLd,Centralized,,,,,,,,,,,,,,,,,,,,,,,,,,,,,,,,,,,,,,,,,,,,,,,,,,,,,,,,
recNSMXHzLCKZj7hA,,,,,,,recNzT1m5qyTWyvzW,Güntner GASC-AHE Cold Store Unit,,Industrial Refrigeration,,,,,03354d10-c9ae-4b28-9333-efa323179492,,,,,,,,,,,,Food Logistics|Fresh Produce|Retail Cold Store,,,,,,,,,,,,,,,,,,,,,,,,,,,,,,,,,,,,,,,,,,,,,,True,,,,,,,,,,,,,,,,5000,R744|R134a,0.5,PED|F-Gas,direct,0,Cold Store,3.5,120,,,,,,,
recNqi0JTxNrHA5HO,true,False,False,Natural Feature (SLAM),true,False,recYhSQ2FOlzXPrsN,UniMover D 100,1.9,Mobile AMR,,True,,100,33bb828a-ec99-43f2-8e85-d1eb560ed7fe,,,,,,,,,,,,,,,,,,,,,,,,,,,,,,,,,,,,,,true,,,,,,,,,,,,,,,,,,,,,,,,,,,,,,,,,,,,,,,,,,,,,,,,,,,
recOBrm1P6yhkgqTY,true,False,False,Natural Feature (SLAM)|Laser Reflector,,False,rec42NUgeoXd8kcYT,ek robotics X MOVE 600,1.7,Mobile AMR,Li-Ion,,true,600,820d1aeb-7f28-4df0-adb9-2c0c5d399e34,"Transport AMR platform, 600 kg payload. Navigation: contour (SLAM) + reflector — ek robotics calls it 'ek hybrid navigation'. VDA5050 explicitly confirmed for the X MOVE platform (300/600/1200 variants announced with VDA5050 at launch). Fleet: Transport Manager (centralized, on-premise, OPC-UA/WMS/ERP/MES). Configurable top modules: roller conveyor, lifting column, lifting beam. Company formerly E&K Automation, rebranded to ek robotics under NEURA Mobile Robots GmbH. Founded 1963, HQ Hamburg. battery_type set to Li-Ion based on ek robotics' uniform LI-ION high-power energy platform (range-wide standard; exact Ah/runtime not published). Safety standard certifications not published; ek platform standard is PLd 360° protective field.

Source: https://ek-robotics.com/en/transport-robots/x-move/",,,,None,Transport,True,Custom Carrier,,Proprietary (Transport Manager),WMS|ERP|MES|OPC-UA,,,,,,,,,Flexible Route,,,,,,,,700,Map-based,Single plane (2D),1050,,Centralized,,,,,,,,,Custom,,,,,,,,,,,,,,,,,,,,,,,,,,,,,,,,,,,,,,,,,,,,,,,
recOVxBpo2Gy5mlIy,,False,True,Natural Feature (SLAM)|QR/DM Code,true,False,recR8RwHC1wCEgGnV,Geek+ P-Series (Shelf-to-Person),4.5,Mobile AMR,Li-Ion,False,true,1200,add4e353-cc00-4d3a-a874-e36d3283bb46,"geekplus.com/p-series; up to 1200kg shelf, 4.5m/s; 99.99% pick accuracy; G2P = rotation+grid; is_oem TRUE (Nanjing mfg)",,True,,None,Goods-to-Person,,Custom Carrier (shelf/rack),"None (CE EU models, verify)",Proprietary,WMS|ERP|REST API,E-Commerce|Retail|3PL,,,,,,,,,,,,,,,,,,,,,Centralized,,,,,,,,,,,,,,,,,,,,,,,,,,,,,,,,Shelf-to-Person,,,,,,,2800,Custom API,,,,,,,,,,880 x 880 (verify),Per station,,,,,
recPESsCPVygETCRa,true,False,False,Contour|Magnetic Tape,true,False,recHJ4MvoOUGxpoPZ,DS OSCAR Omni,1.6,Mobile AMR,LiFePO4,True,true,1000,1766d275-14ce-4f9a-8d21-fe2893e29b59,"Manual note from user research, 2026-08-06. Company-wide values from the 4 permitted ds-automotion.com technology pages: safety_standard ISO 3691-4 (DIN EN ISO 3691-4 + DIN EN 1525 named on /technologie/sicherheitstechnik/); functional_safety_level PLd ('nach EN Norm und Performance Level d produziert'); vda5050_compatible True ('Als einer von wenigen Herstellern bieten wir die VDA 5050 Schnittstelle...' on /technologie/sps-technologie/); integration_capability OPC-UA + MQTT from the same page (SAP|WMS|REST API carried over from the sibling DS records). industries_served 'General Manufacturing' = carried-over company default, not per-product evidence. Gemeinsam fuer alle OSCAR-Varianten: Navigation 'Freinavigierend mittels konturbasierter Lasernavigation (KBL) und optional Magnetpunktnavigation' -> ['Contour','Magnetic Tape'] (AP0 hat keinen Wert fuer Magnet-PUNKTE, nur 'Magnetic Tape' -- naechstliegend). min_turning_radius 0 und rotation_capable=True: 'spin' = Drehen auf der Stelle, 'omni' = holonom; Wert aus dem ersetzten Sammel-Datensatz 'DS OSCAR' uebernommen. top_module_type ['Lift'] abgeleitet aus der Hub-Angabe -- JUDGMENT CALL. load_type, infrastructure_free, autonomous_obstacle_bypass, autonomous_charging, workflow_capability und picking_mechanism aus dem ersetzten Sammel-Datensatz uebernommen. Die Hoehenangabe H (Groesse LxBxH) ist bei Unterfahr-AMR das Feld min_ground_clearance (= Gesamthoehe/Unterfahrhoehe des Roboters), belegt durch den Vorgaenger-Datensatz (min_ground_clearance 320 = H des OSCAR omni). OSCAR Omni: Nutzlast 1,0 t. Batterie LFP -> 'LiFePO4'. Automatisches Laden. omnidirectional_movement=True ('omni' = holonom).",,,,None,Transport,True,Roll Container|Custom Carrier,ISO 3691-4,VDA 5050 compatible|Open API,SAP|WMS|REST API|OPC-UA|MQTT,General Manufacturing,,,,,,,,,,,,,,,,720,,,1520,PLd,Centralized,,,,,true,160,0,,Lift,,,,,,,,320,,,,,,,,,,,,,,,,,,,,,,,,,,,,,,,,,,,,,,,
recPRvYA9X8rEJRkZ,,False,False,Natural Feature (SLAM),,True,recKzSlQ0t6SWEvND,VisionNav VNE40,2.2,Forklift AGV,,True,true,4000,85cab7de-34c6-43aa-989e-3ebcefa34cca,,3000,,,,,,,,,,,,,,,,4430,,,,,,,,,,,,,,,,,,,,,,,,,,,,,,,,,,,,,,,,,,,,,,,,,,,,,,,,,,,,,,,,,,,,,,,
recPa9ZceVq8inOMo,,False,,Natural Feature (SLAM),,False,recu8Xk8UlAvVmOjH,Alstef CM,,Tugger AGV,,,true,1500,96535081-fcf5-4bcf-9b94-4d277e29dba9,,,,,,,,,,,,,,,,,,,,,,,,,,,,,,,,,,,,,,,,,,,,,,,,,,,,,,,True,,,,,,,,,,,,,,,,,,,,,,,,,,,,,,,,,,
recPh8p5mvsdFnoTb,true,,False,Natural Feature (SLAM),true,,rec2IxVgFs7bhMTk2,Dynamo 100,2,Mobile AMR,Li-Ion,True,true,100,55927db3-6282-4365-a9f2-84be71e51d92,"[high confidence] Datasheet: Payload 100 kg; Dimensions 770 x 600 x 300 mm; Weight 70 kg; Ground Clearance 15 mm; Max Speed 2 m/s (empty) / 1.5 m/s (loaded); Turning Radius Zero; Docking Accuracy ±10 mm; Navigational Accuracy ±20 mm; IP20; Battery LTO 24V 22Ah; Run time 4 h; Charging 24 min (0-80%) / 8 min (20-80%); Compliance CE, ISO 3691-4, EN ISO 12100, EN 60204-1, EN 1175-1.
DERIVED: stop_accuracy=10 from 'Docking Accuracy ±10 mm' (navigational accuracy ±20 mm noted separately). min_turning_radius=0 from 'Turning Radius Zero'. omnidirectional_movement=false because the product page states 'Drive Type: Differential' (differential drive cannot translate laterally). outdoor_capable=false derived from IP20. battery_type Li-Ion because LTO is a lithium-ion chemistry (no LTO value in AP0). infrastructure_free=true because navigation is Natural Navigation (no reflectors/markers). autonomous_obstacle_bypass=true from product page: 'Dynamo, with advanced sensors navigates safely around humans & obstacles'.
load_type=Tote is MEDIUM confidence: base unit is a bare platform; the 100 kg model's listed attachments are Tunnelling, Roller Conveyor, Pick Assist — i.e. tote/carton handling. Footprint (770x600) is too small for a Euro pallet.
fleet_control_architecture=Centralized is MEDIUM: datasheet describes an 'AI-powered Fleet Management System to control several robots'. No decentralised/swarm claim found.
charge_time=8 is the vendor's 20-80% figure; 0-80% is 24 min. Source: https://addverb.com/automated-warehouse-robots/mobile-robots/autonomous-mobile-robot/",,,Floor|Conveyor,,Transport|Picking support,,Tote,ISO 3691-4,Proprietary,ERP,,,,,,False,,true,,,,,,,,,600,,,770,,Centralized,,,,,,,0,,,,4,8,,,,IP20,15,,,10,,True,,,,,,,,,,,,,,,,,,,,,,,,,,,,,,,,,,
recPrlidCLDagWsl6,,False,True,Natural Feature (SLAM),true,False,reck40S8DWt8XEzGT,GreyOrange Ranger RIL-H,1.5,Mobile AMR,,False,,1400,79d8124a-b3eb-44b7-93c9-543e43117492,greyorange.com / mobile-robots.com — HIGH confidence.,,True,,,,,,,,,,,,,,,,,,,,,,,,,,,,,,,,,,,,,,,,,,,,,,,,,,,,,,,,,,,,,,,,,,,,,,,,,,,,,,,,,,,,,,
recPyMymQWBzus8YD,true,False,False,Natural Feature (SLAM),true,True,recxpgueeUMZEPA7I,AGILOX OFL,,Mobile AMR,Li-Ion,True,true,800,e00d679e-bc23-4297-a868-fdc703e16c9a,robotiqhub agilox-ofl; LogiMAT 2025; free-lift 800kg to 1.2m station; 1655x800x1988mm,1200,,,,Transport,False,Pallet EUR|Medium Euro|Plastic|Custom Carrier,ISO 3691-4 (verify),Proprietary (X-SWARM),WMS|REST API,Automotive|F&B|3PL|General Manufacturing,,,,,,,,,,,,,,,,800,,Full 3D (360° + 3D sensors),1655,,Decentralized/Swarm,,,,Reach Truck,true,1390,0,,,,,,,,,,,,,,,,,,,,,,,,,,,,,,,,,,,,,,,,,,,,,,,,,
recPydW1kHaucSsnC,true,False,False,Natural Feature (SLAM),,False,rec2LwEsJe3PJuGyL,Open Shuttle,,Mobile AMR,,True,,120,7532156b-39cb-4d91-8578-e0d7c6879777,"OEM knapp.com — MEDIUM confidence (search snippet). Tote/container transport, not pallet.",,False,,,,True,,,,,,,,,,,,,,,,,,,,,,,,,,,,,,,,,,,,,,,,,,,,,,,,,,,,,,,,,,,,,,,,,,,,,,,,,,,,,,,,,,
recQ8ncv6ruFASS4R,,False,False,,,,recg9WLvjYcstORkc,SAFELOG AGV XS1,4,Mobile AMR,,True,true,85,c5aeafc5-a986-4031-92b8-dd5c0c58c1e7,,,,,,,True,,,,,,,,,,,,,,,,,,,,,,,,,,,,,,,,,,,,,,,,,,,,,,,,,,,,,,,,,,,,,,,,,,,,,,,,,,,,,,,,,,
recQBxZgIdVX4eVn6,,True,False,Laser Reflector|QR/DM Code|Inductive Loop,,True,recXnu2JEoYT3SUmc,Jungheinrich EKX 516ka,3.33,Forklift AGV,Lead-Acid|Li-Ion,False,true,1600,28dceed4-e599-46d2-9b94-48e5d6d91e8b,"Manual note from user research, 2026-08-06. Full table: payload/lift-height/speed/length-figure/voltage as given; split out from previously-merged EKX 516a/516ka record. EKX 516ka: 1600 kg / 12000 mm Hubhoehe / 12.0 km/h / 3775 mm / 80 V. UNIT CONVERSION: max_speed stored as 3.33 m/s (12.0 km/h / 3.6) -- the DB stores max_speed in m/s (AP0 unit), the user's note is in km/h. FIELD MAPPING of the 5th figure (3775 mm): mapped to vehicle_length, NOT min_total_height. Confirmed against the local official Jungheinrich VDI-2198 spec sheet Datasheets/AGV_AMR/New/ekx-5a-20xx-specsheet-de-2026-08-pdf-data.pdf p.8 line 4.19 'Gesamtlaenge l1 mm 3665 / 3775 / 4045' for EKX 514a / 516ka / 516a. min_total_height (h1, Hubgeruest eingefahren) is ~5950 mm at 13000 mm lift per the same sheet and is deliberately left NULL here (config-dependent, outside this batch's scope). Battery voltage 80 V: no AP0 field exists -- recorded here only. battery_type Li-Ion cloned from the merged predecessor record; the VDI sheet's standard config is 80 V PzS lead-acid (3 PzS 465 / 4 PzS 620 / 6 PzS 930) -- FLAGGED for review.",12000,,,,,,Pallet EUR|Pallet ISO,ISO 3691-4,Proprietary,SAP|WMS,General Manufacturing|3PL,,,,,,1727,true,,,,,,Triplex,,,,,,3775,,,,,,VNA Turret,,,,,,,,,Telescopic,,,,,,,,,,,Wire,,,,,,,,,,,,,true,,,,,,,,,,,,,,,,,,,
recQHU8kCDd73VvBb,,False,False,Natural Feature (SLAM),,True,reclRnCEUyVFW484Y,Hikrobot F5-1600,1.5,Forklift AGV,,True,,1600,b5534d7d-149c-4d77-a76c-2c26cd4afb9d,,3000,,,,,,,,,,,,,,,,,,,,,,,,,,,,,,,,,,,,,,,,,,,,,,,,,,,,,,,,,,,,,,,,,,,,,,,,,,,,,,,,,,,,,,,
recQtkz6cxqjC2gQI,true,,False,Natural Feature (SLAM),,False,rec5oDgiEfxlu9rpZ,AT100,,Mobile AMR,,True,true,100,c8cfb0a3-2acb-4bf3-ac5e-a788481f0cd8,"[medium confidence] Operator-assisted order-picking trolley AMR — Youibot's only fulfilment-oriented model. Card: '100 kg Payload Capacity / 8 h Run Time / 650*550*1450 mm / Up to 500 Units Fleet Size'. safety_standard=['ISO 3691-4'] is HIGH confidence here and this is the ONLY Youibot product where the standard is named explicitly: 'CE ISO 3691-4 and ANSI/RIA 15.08 Compliance' (dedicated article: https://en.youibot.com/news/ensuring-safety-and-efficiency-with-the-ce-iso-3691-4-and-ansiria-1508-compliance-of-the-automatic-trolley-at100.html) and 'This CE and ANSI/RIA compliant product guarantees absolute safety for client's operation'. NOTE: ANSI/RIA R15.08 is the industrial-mobile-robot standard and is NOT the same as the AP0 allowed value 'ANSI/ITSDF B56.5' — I deliberately did NOT map it, to avoid a false categorical match. max_fleet_size=500 from the official card. infrastructure_free=true from 'zero infrastructure changes'. workflow_capability includes 'Picking support': 'an order-picking robot. An assisted picking robot is the centerpiece of the e-commerce warehouse automation and assisted picking solution, increasing retailers' order picking rates by 3x and achieving 99.9% picking accuracy'; 'It supports a range of different workflows, including picking, returning, replenishment, and P2P transfer'. picking_mechanism='Human-assisted (cart follower)' is LOW confidence — it is the closest AP0 value for an operator-assisted picking trolley, but Youibot never describes it as person-following; set this field NULL if the operator prefers strict citation. throughput_picks_per_hour NOT recorded: the '3x picking rate' and '99.9 % accuracy' claims are relative/quality figures, not an absolute picks-per-hour number. CONFLICT: the IPROS Japan listing gives 640*630*1615 mm, 127 kg body weight, 1.5 m/s rated speed, 180 deg/s rotation, 820 mm rotation diameter and 1.5 h full recharge for the AT100 — I used the OFFICIAL 650*550*1450 mm and left max_speed / charge_time / min_turning_radius NULL, because the two dimension sets disagree and that undermines trust in the rest of that listing for this model. Source: https://en.youibot.com/products-category/at-series-21.html",,,,Human-assisted (cart follower),Transport|Picking support,,,ISO 3691-4,Proprietary,WMS,E-Commerce|Retail|General Manufacturing,,,,,False,,true,,,,,,,,,550,,,650,,,,,,,,,,,,500,8,,,,,,,,,,,,,,,,,,,,,,,,,,,,,,,,,,,,,,,,,,,,,
recR8Cv1U8MkKJG4S,,False,False,Natural Feature (SLAM),,True,recX6SgB9zp0hjxsx,VisionNav VNE30,2.2,Forklift AGV,,True,true,3000,56420585-25ee-4da5-978a-79bb8bbbdc28,,3000,,,,,,,,,,,,,,,,4430,,,,,,,,,,,,,,,,,,,,,,,,,,,,,,,,,,,,,,,,,,,,,,,,,,,,,,,,,,,,,,,,,,,,,,,
recRuG3djJBE9sEq0,true,False,False,Natural Feature (SLAM),,False,rec2uenygLNSh1e9Y,CompactMover Conveyor U 400,1.9,Mobile AMR,,True,,400,895c18ae-8693-4c66-858f-99c449efc34f,,,,,,,,,,,,,,,,,,,,,,,,,,,,,,,,,,,,,,,,,,,,,,,,,,,,,,,,,,,,,,,,,,,,,,,,,,,,,,,,,,,,,,,,,
recS090MQAs0jV7Kp,,False,,Natural Feature (SLAM),,False,recyxRaBX2TQruv30,MLR Caesar,1.5,Tugger AGV,,,,1000,42d7c83e-f567-4150-b9d6-909854cd1961,,,False,,,,,,,,,,,,,,True,,,,5500,,,,,,,,,,,,,,,,,,,,,,,,,,,,,,,,,,,,,,,,,,,,,,,,,,,,,,,,,,,,,,,,,,,,
recSgUZaiuX0BrZ8C,,,,,,,recLX9bsbFucj8MnT,GEA BluAstrum NH3 Chiller Plant,,Industrial Refrigeration,,,,,db573445-e09f-4562-acbb-dcb06805c0ec,,,,,,,,,,,,Food & Beverage|Brewing|Dairy,,,,,True,,,,,,,,,,,,,,,,,,,,,,,,,,,,,,,,,,,,,,,,,,,,,,,,,,,,,,,,,,R717,,PED|EN 378,glycol,-18,Process Cooling,4.8,500,,,,,,,
recStKVIuW24IrcRn,true,,False,Natural Feature (SLAM),true,,recxkXxTH7SjKYJJD,Dynamo 2500,1.2,Mobile AMR,Li-Ion,True,true,2500,f2cad60d-f06d-48d5-b32d-eef5a0a9a38b,"[medium confidence] Datasheet: Payload 2500 kg; Dimensions 2920 x 1620 x 600 mm; Weight 1650 kg; Ground Clearance 40 mm; Max Speed 1.2 m/s (empty) / 0.8 m/s (loaded); Turning Radius Zero; Docking ±10 mm; Nav ±20 mm; IP20; 5G compatible; Battery LTO 48V 45Ah; Run time 3-5 h; Charging 24 min (0-80%) / 8 min (20-80%); Compliance CE, ISO 3691-4, EN ISO 12100, EN 60204-1, EN 1175-1. Attachment: Pallet Lifter.
FLAG 1 — SPEED CONFLICT: product page headline states 'Max. Speed Up to 0.8 m/s'; datasheet states 1.2 m/s empty / 0.8 m/s loaded. Recorded 1.2 (true maximum). If the DB convention is loaded speed, change to 0.8.
FLAG 2 — DRIVE CONFLICT: datasheet says 'Drive: Omni-directional Drive'; product page tech table says 'Drive type: Differential'. omnidirectional_movement LEFT NULL — unresolvable from public sources. This is the reason confidence is 'medium' rather than 'high'.
safety_coverage MEDIUM — base sensors 'Navigational LiDAR (2x Diagonal)', 3D LiDAR optional.
PLAUSIBILITY: 2500 kg / 1650 kg tare / 2920x1620 mm footprint is internally consistent for a heavy platform AMR. Source: https://addverb.com/automated-warehouse-robots/mobile-robots/autonomous-mobile-robot/",,,Floor|Conveyor,,Transport,,Pallet EUR/ISO,ISO 3691-4,Proprietary,ERP,,,,,,False,,true,,,,,,,,,1620,,Single plane (2D),2920,,Centralized,,,,,,,0,,,,5,8,,,,IP20,40,,,10,,,,,,,,,,,,,,,,,,,,,,,,,,,,,,,,,,,,
recSv6pkIrwSWQYc3,,False,False,,true,,recUNvbnx7mhNXtfa,SAFELOG AGV GT1 spin,2.2,Mobile AMR,,True,true,,3c6bae76-c5e5-402f-9508-e833e93adb2c,,,,,,,True,,,,,,,,,,,,,,,,,,,,,,,,,,,,,,,,,,,,,,,,,,,,,,,,,,,,,,,,,,,,,,,,,,,,,,,,,,,,,,,,,,
recTFvlmtGW14vVz3,,False,False,Natural Feature (SLAM)|QR/DM Code,,True,recnCxO0iH40XGKmn,Geek+ F-Series (F20MT Forklift),,Forklift AGV,Li-Ion,True,true,2000,1bb5b150-7c5d-48a9-9da3-e6dc034d155c,"geekplus.com/f-series (up to 2000kg, laser SLAM); F20MT: stacking+transport; E-com/retail/3PL/pharma. is_oem=TRUE (own mfg Nanjing)",3244,,,,,,Pallet EUR|Pallet ISO|Custom Carrier,"CE (EU models, verify)",Proprietary,WMS|ERP|REST API,E-Commerce|3PL|General Manufacturing|Pharma,,True,,,,,,,,,,,,Laser/LiDAR profiling,,,,,,,Centralized,,,,Counterbalanced,,,,,,,,,,,,,,,,,,,,,,,,,,,,,,,,,,,,,,,,,,,,,,,,,,,,
recTXCYJMx1qrrjQ5,true,,False,Natural Feature (SLAM),true,,recZPZvmZ5zKcoTS9,Dynamo 1500,1.5,Mobile AMR,Li-Ion,True,true,1500,a7e3fe3b-8292-4ce9-a4a6-1998292e2f51,"[high confidence] Datasheet (2025-08, newest of the Dynamo family): Payload 1500 kg; Dimensions 1850 x 1305 x 365 mm; Weight 440 kg; Ground Clearance 30 mm; Max Speed 1.5 m/s (empty) / 1.2 m/s (loaded); Turning Radius Zero; Docking ±10 mm; Nav ±20 mm; IP20; 5G compatible; Battery LTO 48V 22Ah; Run time 3-5 h (page: up to 5 h); Charging 24 min (0-80%) / 8 min (20-80%); Compliance CE, ISO 3691-4, EN ISO 12100, EN 60204-1, EN 1175-1. Attachments: Pallet Lifter, Shelf Lifter, Trolley Tugger. Sensors: Navigational LiDAR (2x Diagonal); optional 3D LiDAR.
omnidirectional_movement LEFT NULL: the drive type is not stated on the 1500 datasheet and the product page tech table for this variant was not captured — no basis to assert either way.
NOTE: with the 'Trolley Tugger' attachment this variant can also perform tugging duty; the product page states a 'Trolley Tugger (1500)' attachment. Towing capacity is not published — do NOT populate towing_capacity. Source: https://addverb.com/automated-warehouse-robots/mobile-robots/autonomous-mobile-robot/",,,Floor|Conveyor|Mobile rack,,Transport,,Pallet EUR/ISO,ISO 3691-4,Proprietary,ERP,,,,,,False,,true,,,,,,,,,1305,,Single plane (2D),1850,,Centralized,,,,,,,0,,,,5,8,,,,IP20,30,,,10,,True,,,,,,,,,,,,,,,,,,,,,,,,,,,,,,,,,,
recUTsLEbrRSlh5fc,,False,False,Magnetic Tape|Natural Feature (SLAM),,False,recX2xGIfinkPlxey,Kivnon K10P One-Way,1,Tugger AGV,Li-Ion,False,true,,4c794c56-488f-4818-b63a-646efb7c764c,kivnon.com/k10p-one-way; 1800kg towing (lighter variant of K10),,,,,,True,None,None (CE/TÜV marks only),VDA 5050 compatible|Open API,MES|ERP|WMS,Automotive|General Manufacturing,,,True,,,,,Flexible Route,1800,Tugger + trailers,Automatic,Passive caster,,,,,,,,,,,,,,,,,,,,,,,,,,,,,,,,,,,,,,,,,,,,,,,,,,,,,,,,,,,,,,,,,
recUvqBaVx5RHsxMJ,true,False,False,Natural Feature (SLAM),true,False,rec7tpbXiRh3wMomK,MiR250 Hook + Top Modules,2,Mobile AMR,Li-Ion,True,true,250,3a664bc7-5d65-421e-97a5-519597074289,gibsonengineering.com/mir; MiR Hook 250 identifies carts via April Tags; modular top-module catalogue,,False,,None,Transport,True,Roll Container|Custom Carrier,ISO 3691-4|ANSI/ITSDF B56.5,Open API,WMS|REST API|MQTT|Modbus,F&B|Pharma|Automotive|E-Commerce,,,,,False,,true,,,,,,,,5,,,,,,,40,true,5,,,,,,Hook|Lift|Shelf Carrier|Conveyor|Roller|Cobot arm,,,,,,,IP20,300,95,,,,,,,,,,,,,,,,,,,,,,,,,,,,,,,,,,,,,,
recVG221lucFk6h4N,true,,False,Natural Feature (SLAM),,False,recAkgTVq27OrhWOi,B150,,Mobile AMR,,True,true,150,4c05de29-ad29-487b-b712-bdbc0d741b02,"[medium confidence] Cost-optimised integration platform. Card: 'For Integration / 8 h Run Time / 780*550*290 mm / I/O, Ethernet, WLAN, Power'. max_payload=150 from the prose: 'With a 150kg payload, the mobile robot platform Youibot B150 seamlessly blends high load capacity with unparalleled flexibility'. infrastructure_free=true from 'Compared to traditional AGV solutions, with our autonomous mobile robots you can enjoy automatic map updates without the need for scene modifications'. max_fleet_size=200 from 'The system's real-time scheduling capability can handle up to 200 robots in the same scenario'. autonomous_charging + battery_swap_capable from 'Each robot is equipped for automatic charging, manual charging, and maintenance battery exchange, ensuring non-stop 24/7 operation'. top_module_type from 'rollers, belts, synchronous belt transfers, and backpack-style racks'. SAFETY NOTE: the B-series description states 'The front hosts a centrally positioned, high-quality laser measurement radar with a 260 deg scanning range. And rear-point laser sensors support deceleration zones, stop zones, and emergency stop zones' — that is a 260 deg front scanner plus rear point sensors, NOT the dual-lidar full 360 deg safety-rated layout of the L1000/P200, so safety_coverage is left NULL rather than asserted as 'Single plane (2D)'. No speed, battery chemistry/capacity, charge time, temperature, humidity, IP, gradient or turning data published. Source: https://en.youibot.com/products-category/p-series.html",,,,,Transport,,,,Proprietary,MES|WMS,Automotive|General Manufacturing,,,,,False,,true,,,,,,,,,550,,,780,,,,true,,,,,,,Roller|Conveyor|Shelf Carrier|Custom,200,8,,,,,,,,,,,,,,,,,,,,,,,,,,,,,,,,,,,,,,,,,,,,,
recVaPMLTmfFvaxJ9,true,,True,QR/DM Code|Natural Feature (SLAM),,,rec5YJQLLXBIEPtCX,HAI Robotics K1000,,Mobile AMR,,False,true,1000,ab6b13be-9861-4f0d-9913-dec0787ecdfc,"[high confidence] Larger sibling of the K600, sharing one product page and one feature list. max_payload 1000 verbatim ('Max. load capacity: 600 kg, and 1000 kg respectively'). All other fields are taken from the shared K600/K1000 feature block and therefore carry the same evidence as the K600 entry. vehicle_width deliberately NULL — the 630 mm chassis figure is more plausibly the smaller model's and is not attributable to the K1000 with confidence. COMMERCIAL CAVEAT: sold only as a supplementary unit to a HaiPick ACR system. Source: https://www.hairobotics.com/products/heavy-duty-amr-k600-k1000",,,,,Transport,,Roll Container|Custom Carrier,,,,E-Commerce|3PL|Retail|Automotive|Pharma|General Manufacturing,,,,,,,,,,,,,,,,,,,,,,,,,,,,,,Lift,,,,,,,,,,,,,True,,,,,,,,,,,,,,,,,,,,,,,,,,,,,,,,,,
recVi622vSwoZVEzE,,False,False,Natural Feature (SLAM),,True,recXbLRKljndY6u0f,Linde L-MATIC AC k,2,Forklift AGV,,True,true,1400,1e932382-4da6-4947-be60-2c2e7d46828d,,3800,False,,,,True,,,,,,,,,,False,3400,true,,,,,,,,,,,,,,,,,,,,,,,,,,,,,,,,,,,,,,,,,,,,,,,,,,,,,,,,,,,,,,,,,,,,,,
recWFZZL6OFKj5mJ7,,True,False,Natural Feature (SLAM)|Vision,,True,recMBQ9Vxk8uqzN5w,Balyo VEENY (Linde VNA),2.2,Forklift AGV,Li-Ion,True,true,1500,60caa4da-8105-469a-99d3-07eed8e5c6a9,"balyo.com/veeny; 17m, 1.5t, 1.8m aisle; Driven by Balyo geo-nav (infrastructure-free)",17200,,Floor|Gravity rack|Shuttle rack|Standard rack,,,True,Pallet EUR|Pallet ISO,ISO 3691-4 (verify),Proprietary,WMS|ERP|SAP|OPC-UA|Modbus|MES|MQTT|REST API,F&B|3PL|General Manufacturing,,,,,,1800,true,,,,,,Triplex,Camera/Vision,,,,Limited 3D (e.g. waterfall),,PLd,Centralized,,true,0,VNA Turret,,,,,,,,,,None,,None,,,,,,,,Rail|Wire,,,,,,,,,,,Manual,,true,,,,,,,,,,,,,,,,,,,
recWQonvcOAjNphD6,true,False,False,Natural Feature (SLAM),,False,recApGRa6Ei9eEqRu,Alstef Loadstar,,Mobile AMR,Li-Ion,,true,1400,c8b5214b-d59f-4653-a6c1-378fbfb3cfd3,"Compact 'turtle' platform AMR for unitary pallet transport. Replaces traditional conveyor systems. Payload 1400kg, dimensions 1420×790×425mm (LxWxH with platform retracted), 80mm lift stroke for pallet pick-up. Described as saving up to 20% floor space. Li-Ion battery. Navigation: environment geometry scanning (SLAM/natural feature), no infrastructure modifications required. Fleet: OPAL (Alstef proprietary). BA Systèmes SAS / Alstef Mobile Robotics, founded ~1973, HQ near Rennes, France. Max speed not confirmed in public specs — left null. NOTE: 'SHERPA family' not applicable to BA Systèmes products; SHERPA Mobile Robotics is a separate company.

Source: https://alstefgroup.com/intralogistics-solutions/our-products/agv-amr/agv-amr-range/",,,,None,Transport,,Pallet EUR|Pallet ISO,,Proprietary (OPAL),,,,,,,,,,Flexible Route,,,,,,,,790,Map-based,Single plane (2D),1420,,Centralized,,,,,,,,,Lift,,,,,,,,,,,,,,,,,,,,,,,,425,,,,,,,,,,,,,,,,,,,,,,,
recWZGJfNQmOyuB2D,,False,,Laser Reflector,,True,rec2wLMkmb7vjAUJ4,Rocla Bale Clamp AWT,,Forklift AGV,Li-Ion|Lead-Acid,False,true,6000,2fd8cccf-02b2-46e9-8aed-e714ddc902df,"[medium confidence] Official page verbatim: 'It offers a lifting height of up to 7.25 m and a load capacity of up to 6,000 kg', plus the application description 'transfers from a bale-wrapping line or a truck being unloaded to pulp storage. It can also operate pulp storage, transport material to de-wiring stations, and prepare truck loading.'
Mechanically the same AWT clamp platform as the Roll Clamp AWT (identical 7.25 m / 6,000 kg headline figures) with a bale clamp instead of a roll clamp.
CONFLICT WITH OLDER SOURCE: the 2020 NA brochure's 'AWT Pulp Clamp' quotes 3,306 lbs = 1,500 kg at 283 in — a much smaller machine. The current 6,000 kg is a newer/heavier build; used the current site value and did not merge.
load_type OMITTED: handles pulp BALES, not pallets.
station_applications 'Dock' derived from the explicit 'truck being unloaded' / 'prepare truck loading' statements. trailer_loading/trailer_unloading NOT set to true: loading a truck from the dock face is not the same capability as driving INTO a trailer, and Rocla does not claim in-trailer operation. Source: https://www.rocla-agv.com/agv-solution/automated-guided-vehicles/bale-clamp-awt/",7250,,Floor|Conveyor|Machine cell|Dock,,,,,ISO 3691-4,Proprietary,WMS|ERP|MES,Paper|Pulp,,,,,,,,,,,,,,,,,,,,,,,true,,,,,,,,,,,Clamp,,,,,,,,,,,,,,,,,,,,,,,,,,,,,,,,,,,,,,,,,,,
recWfvOPT4JfVDXyA,true,,False,Natural Feature (SLAM),,False,rec3Bk78zCUV8bLlB,C300,,Mobile AMR,,True,,,2acf9271-410f-44d8-af69-089fc8c325a1,"[low confidence] Dual-layer / dual-station roller-conveyor AMR. Card: 'Feature: Made-to-order / 8 h Run Time / 854*686*1487 mm'. multi_load_compatibility=true is well supported: 'Dual-layer synchronous roller robot that doubles vertical transfer throughput', 'Dual-station operation for end-to-end line boost', 'the dual-station model enables simultaneous loading and unloading of upper and lower carriers'. onboard_container_count deliberately NOT set to 2 — the two stations are conveyor decks, not container slots, and the AP0 field is about onboard containers. max_payload not published (made-to-order). Same NULLs and same reasoning as the C101 entry. Source: https://en.youibot.com/products-category/roller-conveyor-series.html",,,Conveyor|Machine cell,,Transport,,,,Proprietary,MES|WMS,General Manufacturing,,,,,False,,true,,,,,,,,,686,,,854,,,,,,,,,,,Roller|Conveyor|Custom,,8,,,,,,,,,,,True,,,,,,,,,,,,,,,,,,,,,,,,,,,,,,,,,,
recWqLwuKeX16K0pS,,False,,Laser Reflector,,True,rec4oC0AYCkLJ0cJe,Rocla ACT (Automated Compact Truck),,Forklift AGV,Li-Ion|Lead-Acid,False,true,,ae9ef9d0-541e-40c6-af8e-b2656d79db96,"[medium confidence] Official page verbatim: 'ACT can lift heavy loads up to 6 m in as narrow as 2.6 m aisles' and 'Available as forkover and counterbalance'. mast_type=Triplex from the Rocla ACT launch article and the ACT news page ('a triplex mast reaching up to 6 metres'). onboard_ui=true: page describes a highly responsive touchscreen on the vehicle with colour-coded information plus LED fins acting as turn signals.

*** max_payload DELIBERATELY OMITTED — UNRESOLVED CONFLICT ***
Two sources disagree and neither is a primary EU spec sheet: (a) Logisnext Americas ACT page states 2,400 lb = ~1,088 kg; (b) a secondary/aggregated source quotes '1.6 t, and 800 kg to 6 m'. The Rocla EU product page itself states NO payload figure at all. Because max_payload is a KO_IF_LT field, entering either value risks wrongly qualifying or disqualifying Rocla. Leave NULL and obtain the ACT datasheet from Rocla directly.
Also note the (b) figure implies a DERATED capacity at height (1.6 t at low lift vs 800 kg at 6 m) — if that structure is confirmed, the KO-relevant value at full 6 m lift is the lower one, which matters a lot for tender matching.

drive_type OMITTED on purpose: ACT ships as BOTH forkover (straddle) and counterbalance, so a single drive_type value would be wrong for half the configurations. Consider two variant records once the datasheet is available.
Awards: iF Design Award 2024, Red Dot Design Award 2024, Automation Product Innovation of the Year (Archies) 2024. Source: https://www.rocla-agv.com/agv-solution/automated-guided-vehicles/automated-compact-truck-act/",6000,,Standard rack|Conveyor|Dock,,,,Pallet EUR/ISO,ISO 3691-4,Proprietary,WMS|ERP|MES,,,,,,,2600,,,,,,,Triplex,,,,,,,,,,true,,,,,,,,,,,,,,,,,,,,,,,,,true,,,,,,,,,,,,,,,,,,,,,,,,,,,,,
recXcbPEt2Ia4JDQi,,False,False,Magnetic Tape|Natural Feature (SLAM)|QR/DM Code,,False,reciRL7RnYzbsJ06d,Kivnon K10HP One-Way,1,Tugger AGV,Li-Ion,False,true,,ef212c55-8890-46f9-a428-cab5852d00fe,"kivnon.com/k10hp; 5000kg towing, retractable-pin auto-hitch; K10 chassis 1730x500x290, 625kg; CE+TÜV+2006/42/EC",,,,,,True,None,None (CE/TÜV marks only),VDA 5050 compatible|Open API,MES|ERP|WMS|REST API,Automotive|General Manufacturing|F&B,,,True,,,,,Flexible Route,5000,Tugger + trailers,Automatic,Passive caster,,,,,,,,,Centralized,,,,,,,,,,,,,,,,,,,,,,,,,,,,,,,,,,,,,,,,,,,,,,,,,,,,,,,,
recY8FizPvOnTqBeK,,False,False,Contour|Magnetic Tape|Laser Reflector,,True,recE8PH3y4kfs8AuR,DS ARNY HD Triplex,1.5,Forklift AGV,Lead-Acid|LiFePO4,,true,1000,0ce16211-1ac9-4924-be45-2f860f04d982,"Manual note from user research, 2026-08-06. Company-wide values from the 4 permitted ds-automotion.com technology pages: safety_standard ISO 3691-4 (DIN EN ISO 3691-4 + DIN EN 1525 named on /technologie/sicherheitstechnik/); functional_safety_level PLd ('nach EN Norm und Performance Level d produziert'); vda5050_compatible True ('Als einer von wenigen Herstellern bieten wir die VDA 5050 Schnittstelle...' on /technologie/sps-technologie/); integration_capability OPC-UA + MQTT from the same page (SAP|WMS|REST API carried over from the sibling DS records). industries_served 'General Manufacturing' = carried-over company default, not per-product evidence. Gemeinsam fuer alle ARNY-Varianten: Gabelausfuehrung ISO-Gabeltraeger, geschmiedete Zinken; optional Seitenschub / Neigungsverstellung / Zinkenverstellung -> special_fork_option ['Side-Shift'] (Seitenschub); Neigungs- und Zinkenverstellung haben keinen AP0-Wert. Navigation: Kontur-/Magnet-/Laser-/Hybridnavigation -> ['Contour','Magnetic Tape','Laser Reflector'] ('Hybrid' = Kombination, kein eigener Wert). Energieversorgung: Batteriewechsel manuell oder automatisches Laden. Batterie Blei-Saeure / Reinblei / Lithium (LFP) -> ['Lead-Acid','LiFePO4']. 3 Sicherheitslaserscanner 360 Grad -> safety_standard ISO 3691-4, safety_coverage 'Full 3D (360 + 3D sensors)'. 3 ToF-Kameras in Hauptfahrtrichtung -> load_detection 'Camera/Vision' (Muster des Schwester-Datensatzes DS AMADEUS Classic). drive_type 'Counterbalanced', load_type, forks_free_floating, manual_usage und industries_served aus dem ersetzten Sammel-Datensatz 'DS ARNY' uebernommen. HINWEIS: der ersetzte Sammel-Datensatz fuehrte 2500 kg / 8500 mm -- diese Werte werden durch die Variantentabelle abgeloest. ARNY HD Triplex: Nutzlast 1000 kg, Hubhoehe 10800 mm, Geschwindigkeit 1,5 m/s, Leergewicht ohne Batterie 5990 kg (kein AP0-Feld -> nur hier notiert). 'HD' (High-Duty) hat keinen eigenen AP0-Enumwert -- die Variante ist nur ueber den Produktnamen und diese Notiz unterscheidbar. ",10800,,,,,True,Pallet EUR|Pallet ISO,ISO 3691-4,VDA 5050 compatible|Open API,SAP|WMS|REST API|OPC-UA|MQTT,Automotive|General Manufacturing,,True,,,,,true,,,,,,Triplex,Camera/Vision,,,,Full 3D (360° + 3D sensors),,PLd,Centralized,,true,,Counterbalanced,,,,,,,,,Side-Shift,,,,,,,,,,,,,,,,,,,,,,,,,,,,,,,,,,,,,,,,,,,
recYWwVFwvshY3h4G,true,False,False,Laser Reflector|Natural Feature (SLAM),,False,recn6F7VRgbTH0fBV,Toyota Movit TAE500 Autopilot,2.22,Tugger AGV,Lead-Acid|Li-Ion,,true,,9335b247-a90e-4260-8d10-03132dda36fa,"Tugger AGV (Movit / Tracto), 5t (5000kg) towing capacity, pulls up to 4 load carriers (max_trailers=4). Coupling options: Universal, Tow Ball, or Automated Pin → mapped to Manual + Automatic. auto_hitch=TRUE (auto hook/unhook at predefined workstations). Speed: 8 km/h (2.22 m/s) unloaded, 6 km/h (1.67 m/s) with trailer. Navigation: Toyota Autopilot range supports reflector OR natural OR dual → set to dual; infrastructure_required config-dependent (null). Battery: lead-acid standard, auto-charging Li-Ion optional. Safety: CAT3 PLd, 360° coverage with automated tow pin (2D scanners). Op temp 0–40°C. WMS/ERP integration via T-ONE. Dimensions, turning radius not published on product page; no public VDI datasheet located.

Source: https://www.toyotamaterialhandling.com.au/products/automatic-guided-vehicles-agvs/toyota-movit-tae500-autopilot/",,,,,Transport,,Roll Container|Custom Carrier,,Proprietary (T-ONE),WMS|ERP,,,,True,,,,true,Flexible Route,5000,,Automatic|Manual,,,,0,,Map-based,Single plane (2D),,PLd,Centralized,40,,,,,,,,,,,,,,,,,,,,,,4,,,,,,,,,,,,,,,,,,,,,,,,,,,,,,,,,
recYlW7rAQyFcoT5a,true,False,,Vision|Natural Feature (SLAM),,True,recY745wYLK7j0ap5,Lift RS1,2.24,Forklift AGV,,True,true,1588,f852e0d9-5182-4345-b73c-cf3d4697173e,"[high confidence] Hero: ""6' LIFT HEIGHT | 3,500 LB LOAD CAPACITY | 5 MPH"". Forks: 'ITA Rated; 42\"" Standard, 36\""-72\"" Optional'.
CONVERSIONS: 3500 lb = 1587.57 -> 1588 kg. 6 ft = 1828.8 -> 1829 mm. 5 mph = 2.2352 -> 2.24 m/s.
LIFT HEIGHT DISCREPANCY RESOLVED: the page's Key Specifications block prints 'Max Lift Height: 6\""' (inches). This is a site typo. Four independent Seegrid statements say 6 FEET: hero banner ""6' LIFT HEIGHT""; body 'automates vertical transport up to 6 feet'; FAQ 'featuring a 6-foot maximum lift height'; /forkables/ page ""6' Lift Height""; /safety/ page 'low-lift workflow automation up to 6 feet'. Additionally the indexed spec line 'Reach: 72\""' = exactly 6 ft, independently confirming the vertical figure. Recorded as 1829 mm, HIGH confidence.
vehicle_width / vehicle_length: LOW CONFIDENCE. Values (Width 50\"", Length 92\"" forks retracted -> 1270 mm / 2336.8 -> 2337 mm) come from a Seegrid spec table that is indexed by search engines but whose source PDF (hub.seegrid.com/hubfs/Complete Fleet Brochure.pdf) now returns HTTP 404 and is not in the Wayback Machine, so it could not be re-verified first-hand. A second retrieval of the same source returned 'Reach: 6', Max Capacity: 4,000 lbs' for the RS1 - 4,000 lbs is the CR1 figure, proving the brochure is a MULTI-COLUMN table prone to column bleed in snippet extraction. Width/length were stable across both retrievals and are therefore retained, but flagged. RECOMMEND VERIFYING before use, or dropping to NULL if the DB operator prefers.
autonomous_obstacle_bypass: MEDIUM. FAQ: 'If a person steps into its path, the vehicle immediately stops OR dynamically adjusts its route.' Route adjustment is explicitly claimed, so set true - but note the archived Palion Tow Tractor brochure documents Seegrid's older standard safety behaviour as pure stop-and-resume, so this is a newer-generation ('Dynamic Path Planning') capability and the wording is not unambiguous.
safety_coverage: FAQ '360-degree safety coverage using overlapping 3D safety fields'; /safety/ page 'Lift RS1 provides 360-degree safety coverage'. HIGH.
autonomous_charging: page section 'Synchronized Self-Charging - Auto-Charge automates scheduling, dispatch, and charging'. HIGH.
navigation_type: 'proprietary computer-vision technology'; CR1 FAQ confirms RS1 and CR1 use the 'same core LiDAR/SLAM and 3D computer vision sensor suites'. /technology/ page: '2D and 3D LiDAR sensors, stereo cameras, and a proprietary computer vision system', 'proprietary Grid Engine ... 3D occupancy grid mapping'. HIGH.
infrastructure_free: dedicated page section 'Infrastructure-Free - deploy without changes to your facility'. HIGH.
stacking_capability / load_type / load_detection / station_applications / integration_capability: same derivations as the Lift EL1 entry - see there.
industries_served: page workflow tabs are 'Manufacturing' and 'Logistics'; body 'heavy manufacturing', 'high-throughput warehouse logistics' -> General Manufacturing + 3PL.
fleet_management_system: 'Proprietary' (Fleet Central). NOT set to 'VDA 5050 compatible' because no per-model VDA5050 claim exists for the RS1 - see researcher_notes flag 2.
OTHER PUBLISHED FACTS not mappable to AP0 fields: 5 safety-rated 2D/3D LiDAR sensors, 3 emergency stop buttons, LED lightbar, acoustic warning system, safety-rated personnel detection system, polyurethane wheels, lead time 26 weeks, Material Handling 2025 Products of the Year Readers' Choice Award.
NOT FOUND (left NULL): battery type/runtime/charge time, min_aisle_width, drive_type, mast_type, stop/drop/pick accuracy, all environmental specs (temp, humidity, IP, gradient), max_fleet_size, vda5050_compatible. Source: https://seegrid.com/autonomous-mobile-robots/lift-rs1-amr/",1829,,Floor|Conveyor|Dock,,,,Pallet ISO|Custom Carrier,ANSI/ITSDF B56.5,Proprietary,MQTT,General Manufacturing|3PL,,,,,,,true,,,,,,,Camera/Vision|Laser/LiDAR profiling,,1270,,Full 3D,2337,,,,,,,,,,,,,,,,,,,,,,,,,,,,,,,,,,,,,,,,,,,,,,,,,,,,,,,,,,
recYtVhUryFjNwh8o,,False,False,Natural Feature (SLAM),,False,recEfc8W6q7VgiaAf,ek robotics X MOVE 300,,Mobile AMR,,,true,300,6e574b7b-98a6-490e-a348-cd8b469c12b8,,,,,,,True,,,,,,,,,,,,,,,,,,,,,,,,,,,,,,,,,,,,,,,,,,,,,,,,,,,,,,,,,,,,,,,,,,,,,,,,,,,,,,,,,,
recYwvuRzqvtKIiEA,,False,False,Natural Feature (SLAM)|Vision,,True,recmVWjlnbMloX9xR,Balyo LOWY / LOWY HD (Linde Stacker),,Forklift AGV,Li-Ion,True,true,1600,88f0aa72-0df7-4c75-b2c1-8b9dcebe7b59,balyo.com/lowy + lowy-hd; LOWY 1.2t / HD 1.6t; 3m lift; open pallets only,3000,,Floor|Conveyor|Machine cell|Standard rack|Workstation|Dock,,,True,Pallet EUR|Pallet ISO,ISO 3691-4 (verify),Proprietary,WMS|ERP|SAP|OPC-UA|Modbus|MES|MQTT|REST API,F&B|3PL|General Manufacturing,,,,,,2700,true,,,,,,,Camera/Vision|Laser/LiDAR profiling,,,,Single plane (2D),,PLd,Centralized,,true,,Reach Truck,,,,,,,,,,None,,None,,,,,,,,None,,,,,,,,,,,Manual,true,,,,,,,,,,,,,,,,,,,,
recYzifAvuLqgIUe5,true,False,False,Contour|Laser Reflector,,True,recupwqtPmEsVMiWq,DS LUCY,,Forklift AGV,Li-Ion,,true,500,a03723d9-1404-4853-8a96-12f5d51225aa,ds-automotion.com/lucy; wheel-arm forklift AGV; 500kg; modular load-handling device; pallets/roll containers/floor rollers/custom; tight spaces,600,,,,,True,Pallet EUR|Roll Container|Custom Carrier,ISO 3691-4,VDA 5050 compatible|Open API,SAP|WMS|REST API,Automotive|General Manufacturing,,,,,,,,,,,,,,Camera/Vision (verify),,,,,,,Centralized,,,,Straddle Stacker,,,,,,,,,,,,,,,,,,True,,,,,,,,,,,,,,,,,,,,,,,,,,,,,,,,,,
recZ0NPIBbGheRxTU,,,True,QR/DM Code,true,,recAVdoGGnxU2gyR4,Dash Line,0.4,Mobile AMR,Li-Ion,False,true,250,e1feb897-d632-423b-ab78-3caa79ba4426,"[medium confidence] Datasheet (2025-11): Payload Capacity 250 kg; Towing Capacity 200 kg; Payload Type '2-Wheeler (Lifting) & Trolley (Tugging)'; Payload Footprint 1,200-1,600 mm (vehicle wheelbase range); Dimensions 2,320 x 750 x 405 mm; Weight 500 kg; Ground Clearance 10 mm; Max Speed 0.04-0.4 m/s; Turning Radius In-place; Navigational Accuracy ±10 mm; Navigation Sensor QR Reader (1x Bottom); Obstacle Detection Safety 2D LiDAR (1x Front); Battery LTO 48V 45Ah; Charging: Induction Based Charging + Manual Portable Charger; Attachment: Lifter; ERP/MES + 3rd-party integration; 5G compatible.
CLASSIFICATION CAVEAT: Dash Line is a purpose-built two-wheeler (motorcycle) assembly-line chassis carrier, NOT a general warehouse pallet transporter. It is a genuine floor-roaming guided vehicle, so it is included, but it is a poor match for generic pallet-transport tenders. Classified 'Mobile AMR' because its primary mode is carrying a load on its own deck (dual scissor lifters); it is technically an AGV (QR-marker guided), not a free-navigating AMR. Consider excluding from the DB if the platform only wants general-purpose warehouse vehicles.
ergonomic_height_adjustable=true from 'synchronized dual scissor lifters dynamically adjusts chassis height to optimize ergonomics'.
Towing Capacity 200 kg is published but NOT written to towing_capacity because this record is typed as Mobile AMR (towing_capacity is a Tugger-scope field). Noted here for completeness.
autonomous_charging=true derived from 'Induction Based Charging' (inductive charging station); MEDIUM.
NOT FOUND — left NULL: battery_runtime, charge_time, IP class, safety_standard (no compliance statement on the Dash datasheets), operating temperature, lift stroke of the scissor lifter. Source: https://addverb.com/automated-warehouse-robots/mobile-robots/assembly-line-robot/",,,,,Transport,,Custom Carrier,,Proprietary,ERP|MES,,,,,,False,,true,,,,,,,,,750,,,2320,,Centralized,,,,,,,0,,,,,,,,,,10,,,10,,,,,,,,,,,,,,,,,,,,,,,,,,,,,,,,true,,,,
recZZhbZDRXhk9zKG,true,False,False,Natural Feature (SLAM),true,False,recQwl3ITBHFRIpUV,MiR600,2,Mobile AMR,Li-Ion,True,true,600,d711b4aa-36f5-4551-b765-e7e3e7234fbd,"dnc-automation.com MiR600; IP52 → F&B/beverage washdown-adjacent; 1350x920x320, 238kg",,False,,None,Transport,True,Pallet EUR|Pallet ISO|Custom Carrier,ISO 3691-4,Open API,WMS|REST API|MQTT,F&B|Automotive|3PL|General Manufacturing,,,,,False,,true,,,,,,,,5,920,,,1350,,Centralized,40,,,,,,,,Lift|Hook|Shelf Carrier|Pallet Lift,,8,,,,,IP52,320,95,,,,,,,,,,,,,,,,,,,,,,,,,,,,,,,,,,,,,,
recZkOIaxsLPf6TmW,,True,False,Natural Feature (SLAM),,True,recr8KLBOJcsIjv3A,Linde K-MATIC,2,Forklift AGV,,True,true,1450,4f3a452a-bee8-4de3-8f74-0b965089a41b,,14000,False,,,,True,,,,,,,,,,False,1800,true,,,,,,,,,,,,,,,,,,,,,,,,,,,,,,,,,,,,,,,,,,,,,,,,,,,,,,,,,,,,,,,,,,,,,,
recbI6oy1WqUmybPh,true,,False,Natural Feature (SLAM)|QR/DM Code,true,False,recUwHbLydNXiC33h,L1500,,Mobile AMR,,True,true,1500,949b91f5-9cfa-4521-aefc-45fd7d30ece6,"[medium confidence] Newest and heaviest L-series model; NOT indexed by any third-party source I could find (a web search for 'Youibot L1500' returns only L300/L500/L1000 material), so the ONLY source is Youibot's own current L-series category page. Card: '1500 kg Lifting Payload / 8 h Run Time / 1152*770*300 mm / SLAM/QR Code'. Prose: 'a heavy-duty AMR with an industry-leading payload of up to 1500 kg, designed for under-rack and cart transportation in manufacturing plants and warehouses'; '1500 kg capacity in a 770 mm-wide body for smooth operation in narrow aisles'; 'It features a 52Ah battery and a rotary lifting module capable of lifting loads of up to 1500kg'; '+/-10mm using only SLAM navigation and +/-5mm when combining SLAM and QR navigation'; 'Compact but powerful rotating lifting module ... simple and reliable pin design'. Shares the 1152*770*300 mm chassis with the L1000-CE. Battery capacity 52 Ah is published but chemistry/voltage/charge time are not; speed, gradient, temperature, humidity, IP and jacking stroke are NOT published for this model and are left NULL rather than copied from the L1000 table. PLAUSIBILITY CHECK: 1500 kg on a 1152 x 770 mm under-ride jacking chassis is at the top of, but well within, the credible range for this vehicle class — no red flag. Source: https://en.youibot.com/products-category/l-series-18.html",,,,,Transport,,Custom Carrier,,Proprietary,MES|WMS,Automotive|General Manufacturing,,,,,False,,true,,,,,,,,,770,,,1152,,,,,,,,,,,Lift,,8,,,,,,,,,10,,,,,,,,,,,,,,,,,,,,,,,,,,,,,,,,,,,,
recbLzZwAgg2gKx61,true,False,False,Natural Feature (SLAM),,False,rec6DCegcXTgpokxN,Linde C-MATIC HP,2.22,Mobile AMR,Li-Ion,True,true,1000,84c5dc8c-2fb4-4172-b4a6-388bfdb3e300,"Underride platform transport AMR. Payload 1000kg, load footprint 1260×860mm (euro pallet sized), vehicle height 222mm (lowered). Max speed 8 km/h = 2.22 m/s. Laser natural feature SLAM (no permanent infrastructure). Li-Ion battery, ~90 min full charge, self-charging capability. Fleet: AnyFleet (cloud-based control software). NOTE: AnyFleet is known as a Quicktron platform — likely OEM from Quicktron as mentioned in the user's supplier description ('Quicktron OEM-rebadge pattern'). load_type includes pallets and rolling racks. autonomous_obstacle_bypass inferred from laser obstacle avoidance. VDA5050 not confirmed.

Source: https://www.linde-mh.com/en/Products/Automated-Trucks/C-MATIC-HP/",,False,,None,Transport,,Pallet EUR|Pallet ISO|Custom Carrier,,Proprietary (AnyFleet),,,,,,,False,,,Flexible Route,,,,,,,,,Map-based,Single plane (2D),,,Centralized,,,,,,,,,Lift,,,90,,,,,,,,,,,,,,,,,,,,,,,,,,,,,,,,,,,,,,,,,,,,
recblH1uoYe0A5Y7o,,False,False,Natural Feature (SLAM),,False,recv2jpBfsIijrkNy,VisionNav VNQ50,2,Tugger AGV,,True,true,5000,7f8b84d7-5faf-403c-ab86-c6ae6c6300b9,,,,,,,,,,,,,,,,,,1700,true,,19958,,,,,,,,,,,,,,,,,,,,,,,,,,,,,,,,,,,,,,,,,,,,,,,,,,,,,,,,,,,,,,,,,,,,
reccAqjbbW4nMaDGD,,False,False,Laser Reflector|Natural Feature (SLAM),,True,recOZRi9E2pusKzLW,DS AMADEUS Wide,1.8,Forklift AGV,Li-Ion|Lead-Acid,,true,2000,087c0f14-33a7-4eae-8345-1332c66b18aa,"Manual note from user research, 2026-08-06. Company-wide values from the 4 permitted ds-automotion.com technology pages: safety_standard ISO 3691-4 (DIN EN ISO 3691-4 + DIN EN 1525 named on /technologie/sicherheitstechnik/); functional_safety_level PLd ('nach EN Norm und Performance Level d produziert'); vda5050_compatible True ('Als einer von wenigen Herstellern bieten wir die VDA 5050 Schnittstelle...' on /technologie/sps-technologie/); integration_capability OPC-UA + MQTT from the same page (SAP|WMS|REST API carried over from the sibling DS records). industries_served 'General Manufacturing' = carried-over company default, not per-product evidence. Nutzlast max 1,5 t / 2,0 t -> max_payload = 2000 (die 1,5-t-Konfiguration ist die kleinere Variante). Hubhoehe Monomast 85-1200 mm / Duplex-Mast 85-2880 mm -> lifting_height = 2880 (Maximum; Monomast-Variante 1200 mm). Energieversorgung: automatisches Laden + manueller Batteriewechsel. Batterie Li-NMC (24 V / 208 Ah / 312 Ah) oder Blei/Reinblei/Blei-Gel (24 V / 375 Ah) -> battery_type ['Li-Ion','Lead-Acid'] (Li-NMC ist eine Li-Ion-Chemie; AP0 kennt kein 'NMC'). AC-Antriebe, 360 Grad Laserscanner. Einsatz: Paletten/Gitterboxen quer, Gestelle mit Staplerlaschen, Bodenstellplaetze, Uebergabestationen. 'Gitterbox' und 'Gestelle mit Staplerlaschen' haben keinen eigenen AP0 load_type-Wert -> als 'Custom Carrier' abgebildet (identisch zum Schwester-Datensatz AMADEUS Classic). drive_type 'Straddle Stacker' uebernommen vom Schwester-Datensatz AMADEUS Classic (Radarm-Bauform) -- JUDGMENT CALL.",2880,,,,,True,Pallet EUR|Pallet ISO|Custom Carrier,ISO 3691-4,VDA 5050 compatible|Open API,SAP|WMS|REST API|OPC-UA|MQTT,General Manufacturing,,,,,,,,,,,,,,,,,,,,PLd,Centralized,,true,,Straddle Stacker,,,,,,,,,,,,,,,,,,,,,,,,,,,,,,,,,,,,,,,,,,,,,,,,,,,,
reccMHq5rHXxQiYsZ,,False,False,Natural Feature (SLAM),,True,rectILP9CgKw2wlOY,MLR Phoenix,,Forklift AGV,,True,,1500,5c903fe4-21ae-4dcf-a6f4-e97caa61d75c,,3000,False,,,,,,,,,,,,,,,,,,,,,,,,,,,,,,,,,,,,,,,,,,,,,,,,,,,,,,,,,,,,,,,,,,,,,,,,,,,,,,,,,,,,,,
reccWP5sAm4qMr8DR,true,False,True,QR/DM Code,,False,rechYjdnKczPDTw7o,Linde C-MATIC,1.2,Mobile AMR,,False,,1500,7a8dba81-f456-422f-8fdb-bf69063fb09e,,,False,,,,,,,,,,,,,,False,,,,,,,,,,,,,,,,,,,,,,,,,,,,,,,,,,,,,,,,,,,,,,,,,,,,,,,,,,,,,,,,,,,,,,,,
reccvwBAnLdDlOnI9,,False,False,Natural Feature (SLAM),,False,recfBZjYxpYK5qFRw,VisionNav VNT30-01,1.6,Forklift AGV,,True,true,3000,3f9db2b2-bb88-41bc-93bb-7e3bb4ed06e6,,125,,,,,,,,,,,,,,,,2600,,,,,,,,,,,,,,,,,,,,,,,,,,,,,,,,,,,,,,,,,,,,,,,,,,,,,,,,,,,,,,,,,,,,,,,
recd8Dwh8wklg4Kz7,true,,False,Natural Feature (SLAM)|QR/DM Code,true,False,recWuUoohL6lfDfWK,L300-smart,,Mobile AMR,,True,true,300,9d9df9e1-999c-4315-baed-aafb481a19e8,"[medium confidence] Official card: '300 kg Lifting Payload / 8 h Run Time / 780*550*300 mm Size / SLAM/QR Code Navigation Logic'. vehicle_length/width taken from the L*W*H string (300 mm is the chassis height, not a lift height). stop_accuracy=10: page states 'accuracy of +/-10mm using only SLAM navigation and +/-5mm when combining SLAM and QR navigation' — conservative value recorded. rotation_capable=true: 'Powerful Rotating Lifting Module ... lifting platform posture-follow function ... maintaining carrier orientation and posture'. autonomous_charging=true: 'the BMS battery control system enables real-time monitoring of the battery level and automatic charging when necessary'. infrastructure_free=true: SLAM primary nav, QR only as an optional accuracy aid. integration_capability from the L/P-series prose 'directly interfacing with enterprise MES/WMS information systems'. stacking_capability=false: jacking AMR with a low lift-and-rotate module, no mast — cannot stack. manual_usage=true: Youibot chassis spec tables list a 'Manual/Automatic Switch Button'. Battery is stated as 30 Ah but chemistry, voltage, charge time, speed, temperature, humidity, IP and gradient are NOT published for this model — the sister-model tables (L1000, P200) give LiFePO4 / 48 V / <=2 h / 1.5 m/s / 0-40 C / 10-90 %RH / IP20 and this is very probably the same platform, but those values are NOT confirmed for the L300-smart, so they are left NULL. lift_height (jacking stroke) not published for this model; the L1000 stroke is 60 mm. Source: https://en.youibot.com/products-category/l-series-18.html",,,,,Transport,,Custom Carrier,,Proprietary,MES|WMS,Automotive|General Manufacturing,,,,,False,,true,,,,,,,,,550,,,780,,,,,,,,,,,Lift,,8,,,,,,,,,10,,,,,,,,,,,,,,,,,,,,,,,,,,,,,,,,,,,,
recdAdne3WEDVC6lK,true,,,,,,recXBWmUWysfHi2je,HAI Robotics K50,4,Mobile AMR,Li-Ion,,true,,3d3056b7-a0c6-4bad-8445-5f47e7c26c10,"[high confidence] 'Fast-Transit Companion' AMR. Cleanest AGV/AMR fit in the portfolio: a compact under-ride/jacking transport AMR that moves totes from the bottom of racks to workstations via a 'backpack method'. max_speed 4.0 verbatim ('A max speed of 4m/s') — see plausibility flag in researcher_notes. lift_height 750 from 'Maximum jacking height of 0.75m suitable for on-robot picking'; note this is the jacking height of the load platform, and it is ambiguous whether it denotes stroke or absolute height — recorded as stated. battery_type: source says 'lithium-titanate battery, 10,000+ lifecycles, 10-year lifespan'; LTO mapped to 'Li-Ion' (see researcher_notes). DELIBERATELY OMITTED: charge_time and battery_runtime — the page says '10 minutes of charging powers the AMR for 2 hours', which is an opportunity-charge relationship, NOT a full charge_time nor a full-charge battery_runtime; entering 10 and 2.0 would misrepresent both fields. DELIBERATELY OMITTED: throughput_picks_per_hour — '18-25 totes per hour' is a range, and totes-handled is not the same basis as picks. DELIBERATELY OMITTED: navigation_type — the page says only 'LiDAR remote scanning' under 'Precise autonomous movement', which does not distinguish a SLAM navigation stack from a safety/obstacle scanner; the sibling K600/K1000 use 2D-code navigation, so inferring SLAM here would be a guess. COMMERCIAL CAVEAT: sold only as a supplementary unit to a HaiPick ACR system. Source: https://www.hairobotics.com/robots/fast-transit-amr-k50",,,,,Transport|Goods-to-Person,,Tote,,,,E-Commerce|3PL|Retail|Automotive|Pharma|General Manufacturing,,,,,,,,,,,,,,,,,,,,,,,,,,,750,,,Lift,,,,,,,,,,,,,,,,,,,,Tote,,,,,,,,,,,,,,,,,,,,,,,,,,,
recdWnYOS3MBILp9x,,False,,Natural Feature (SLAM),true,False,recYoovbPPrtJtqpy,Geek+ M200C,1.5,Mobile AMR,,,,200,ed1ea157-f5f7-4220-84dd-9b933ad1c32b,,,,,,,,,,,,,,,,,,,,,,,,,,,,,,,,,,,,,,,,,,,,,,,,,,,,,,,,,,,,,,,,,,,,,,,,,,,,,,,,,,,,,,,,,
recddejgwzFyhnucT,true,False,,Natural Feature (SLAM)|Vision,,True,rec5qp2Chn7qvb0Y9,TREY Medium Duty,,Forklift AGV,Li-Ion,True,true,1588,01bd1ada-20e9-4273-994a-f7472165ac7e,"[high confidence] DIRECT SPEC-SHEET VALUES (imperial, converted by me): Dimensions 134 in x 56 in x 83 in -> 3404 x 1422 x 2108 mm. Max Lifting Height 65 in -> 1651 mm. Max Payload 3,500 lbs -> 1588 kg. Forks ITA Class II 3.9"" x 1.6"" x 42"". Battery 'Li-Ion, 38V DC, 610Ah'. Operating Time '12+ hours at full charge' -> 12.0. Charging Time '3.5 hours' -> 210 min. Charging Options 'Opportunity Charging & Battery Swap' -> battery_swap_capable=true (HIGH, explicit). Turning Radius F/R 71"" / 67"" (1803 / 1702 mm) — not entered, no AP0 field for Forklift AGV.

PAYLOAD IS CONSISTENT here (unlike the HD): spec sheet and brochure both say 3,500 lbs and the product page agrees ('Medium-Duty Trey handles up to 3,500 lbs (1,600 kg)'). I entered the exact conversion 1588 kg rather than Gideon's rounded 1600 kg — 1588 is both exact and the conservative side for a KO_IF_LT field. Difference is 0.8% and immaterial in practice.

NOTE — MD LIFTS HIGHER THAN HD: 65 in vs. 53 in. Counter-intuitive but it is what both official documents say, consistently, so it is not a transcription error on my side. Different mast per chassis.

FLAG — WEIGHT FIGURE IMPLAUSIBLE IN GIDEON'S OWN SHEET: the MD is listed at 10,620 lbs (4817 kg) while the larger, heavier-rated HD is listed at 10,031 lbs (4550 kg). A 3,500 lb-rated counterbalance truck weighing more than a 6,000 lb-rated one is not credible — one of the two weights (most likely the MD's) is wrong or the two are transposed in Gideon's source table. This does NOT affect any DB field (vehicle weight is not in AP0), but it is a reason for mild caution about the rest of that table and worth raising with the vendor alongside the HD payload question.

ALL OTHER FIELDS: identical basis and identical reasoning to TREY Heavy Duty — Gideon states 'Both offer the same autonomy, precision, and intelligence—just scaled to suit your needs' (https://www.gideon.ai/solutions/trey/), so the autonomy stack, navigation, safety, fleet-management and integration facts carry over verbatim. See the TREY Heavy Duty notes for the per-field derivation and for the full list of fields deliberately omitted (max_speed, manual_usage, vda5050_compatible, safety_coverage, fleet_control_architecture, outdoor_capable, min_aisle_width, environmental/IP/gradient, all accuracy fields, mast_type, fork_spread, special_fork_option, functional_safety_level, max_fleet_size).

stacking_capability=true is somewhat better supported here than on the HD: at 1651 mm the mast clears the >1.5 m threshold this project uses as the stacking-capable heuristic. Still MEDIUM — no explicit Gideon stacking claim exists. Source: https://www.gideon.ai/technical-specifications/ (spec sheet PDF: https://www.gideon.ai/wp-content/uploads/2025/10/TREY-MD-technical-specifications.pdf ; brochure p.6: https://www.gideon.ai/wp-content/uploads/2025/09/Gideon-Full-Line-Brochure-Sept-2025.pdf)",1651,,Floor|Conveyor|Dock,,,,Pallet EUR|Pallet ISO,ISO 3691-4|ANSI/ITSDF B56.5,Proprietary,WMS|MES,3PL|Retail|F&B|General Manufacturing,,,,,,,,,,,,,,Camera/Vision,,1422,,,3404,,,,true,,Counterbalanced,,,,,,,12,210,,,,,,,,,,True,,None,,,,,,True,True,,2108,,,,,,,,,,,,,,,,,,,,,,,
recdkYsZ5fmyl37Ry,,False,False,Laser Reflector|Natural Feature (SLAM),,True,recTTxNZmxi6DHnwu,ek robotics COMPACT MOVE CB 10,,Forklift AGV,,,true,1000,1371e07d-c9c7-4bfd-b446-409aa4cb7bc3,,,,,,,True,,,,,,,,,,,,,,,,,,,,,,,,,,,,,,,,,,,,,,,,,,,,,,,,,,,,,,,,,,,,,,,,,,,,,,,,,,,,,,,,,,
recdqLeMwDvubEkXw,,,,,,,recV3N2Qv8vwb8drc,BITZER COSS Transcritical CO2 System,,Industrial Refrigeration,,,,,acbb6c36-78a9-4925-bbd4-7b5a29b12c53,,,,,,,,,,,,Frozen Food|Ice Cream|Blast Freezing|Food Production,,,,,,,,,,,,,,,,,,,,,,,,,,,,,,,,,,,,,,,,,,,,,,,,,,,,,,,,,,,,,,,R744|R290,,PED|F-Gas|EN 378,direct,-25,Cold Store|Deep Freeze,2.8,350,,,,3.5,800,,
receEO45YtQwJslFF,,False,False,Natural Feature (SLAM),,True,recHxCz42WKsAmJkW,Alstef GLR,2.5,Forklift AGV,,,true,1400,f316dd55-773b-432d-975b-2b54ff7f1fed,,9000,,,,,,,,,,,,,,,,,,,,,,,,,,,,,,,,,,,,,,,,,,,,,,,,,,,,,,,,,,,,,,,,,,,,,,,,,,,,,,,,,,,,,,,
recf5Vbz6izAPGJuT,true,False,False,Natural Feature (SLAM),true,False,reck1HgoOXhkL6dK0,Omron MD-650,2.2,Mobile AMR,Li-Ion,True,true,650,d1a74408-e5f1-41ea-9c62-4ef11ea570a2,,,,,,,,,,,,,,,,,,,,,,,,,,,,,,,,,,,,,,,,,,,,,,,,,,,,,,,,,,,,,,,,,,,,,,,,,,,,,,,,,,,,,,,,,
recfrmzRIlf9qRUmX,,False,False,Laser Reflector,,True,recm5uWsK3k211Wrz,Jungheinrich EKS 215a,1.95,Forklift AGV,Li-Ion,,true,1500,4d6078d9-e0b7-4df4-bbcf-f8970d3a05e9,"jungheinrich.com press 2021; 700kg, 6m, 24V Li-Ion, warehouseNAVIGATION",6000,,,,,,Pallet EUR|Pallet ISO|UK Pallet|Plastic (closed)|Tote|Roll Container|Custom Carrier,ISO 3691-4|EN 1525 (legacy),Proprietary,SAP|WMS|ERP,General Manufacturing|F&B|3PL,,,,,,3300,,,,,,,,,,,,Limited 3D (e.g. waterfall),,,,,,,Straddle Stacker,,,,,,,,,Standard Fork,,,,,,,,,,,,,,,,,,,,2730,,,,,,,,,,,,,,,,,,,,,,,
recftPBRHQ0Esdj6u,,False,,Vision|Natural Feature (SLAM),,True,reccixiOldlwHpPxj,Lift CR1,2.24,Forklift AGV,,True,true,1814,1df8b93b-26f8-4bf5-990e-0d1dfbbbfc23,"[high confidence] Hero: ""15' LIFT HEIGHT | 4,000 LB LOAD CAPACITY | 5.0 MPH""; Key Specifications block repeats Max Lift Height 15', Payload Capacity 4,000 lbs, Maximum Automatic Speed 5 mph, Forks 'ITA Rated; 42\"" Standard, 36\""-72\"" Optional'. Corroborated by /forkables/ page and by MODEX 2024 launch coverage (Modern Materials Handling, DC Velocity).
CONVERSIONS: 4000 lb = 1814.37 -> 1814 kg. 15 ft = 4572 mm exactly. 5 mph = 2.2352 -> 2.24 m/s.
PLAUSIBILITY: 4572 mm / 1814 kg is within the normal counterbalanced-class envelope; Seegrid markets it as 'industry-leading combination of height and capacity' for autonomous lift trucks, and FAQ notes 'a mast that supports future capabilities for higher heights' - i.e. 15 ft is the current certified maximum, not a mast limit.
navigation_type + infrastructure_free: page section 'Infrastructure-Free - Seegrid AMRs utilize infrastructure-free LiDAR SLAM and Grid Engine localization' plus '3D Computer Vision' section. Most explicit nav statement of the four models. HIGH.
autonomous_charging: page section 'Synchronized Self-Charging ... Auto-Charge automates fleet scheduling, dispatch, and charging'. HIGH.
manual_usage: FAQ 'Can the CR1 be manually operated? Yes, all of our AMRs are hybrid ... allow for manual or autonomous operations.' Also 'ride-on flexibility' (RS1 FAQ). HIGH.
safety_coverage: MEDIUM-HIGH. Not phrased as '360 degrees' on the CR1 page, but the FAQ states CR1 uses 'the same core LiDAR/SLAM and 3D computer vision sensor suites' as the RS1, and the CR1 safety block lists the identical '(5) 2D and 3D LiDAR sensors'. /safety/ page describes the ENTIRE fleet as maintaining 'continuous, real-time, three-dimensional awareness ... around the robot and its payload'.
station_applications: 'Standard rack' IS set for the CR1 (unlike EL1/RS1) because the page explicitly names 'vertical placement', 'vertical storage operations' and 'vertical putaway' at 15 ft - that is racking, not bulk floor storage. MEDIUM-HIGH.
autonomous_obstacle_bypass: deliberately NOT set. The CR1's 'Dynamic Path Planning' section describes 'real-time alignment adjustments to better handle poorly placed payloads' - that is payload alignment, not obstacle bypass. No 'adjusts its route around obstacles' claim exists on the CR1 page.
OTHER PUBLISHED FACTS not mappable to AP0: 5 safety-rated 2D/3D LiDAR sensors, 3 emergency stops, LED lightbar, acoustic warning system, 'Sliding Scale Autonomy' (Seegrid's AMR/AGV hybrid behaviour model), Modern Materials Handling Product of the Year.
NOT FOUND (left NULL): vehicle dimensions/weight, battery type/runtime/charge time, min_aisle_width, drive_type, mast_type, free lift, stop/drop/pick accuracy, all environmental specs, max_fleet_size, vda5050_compatible. Source: https://seegrid.com/autonomous-mobile-robots/lift-cr1-amr/",4572,,Floor|Conveyor|Standard rack|Dock,,,,Pallet ISO|Custom Carrier,ANSI/ITSDF B56.5,Proprietary,MQTT,General Manufacturing|3PL,,,,,,,true,,,,,,,Camera/Vision|Laser/LiDAR profiling,,,,Full 3D,,,,,,,,,,,,,,,,,,,,,,,,,,,,,,,,,,,,,,,,,,,,,,,,,,,,,,,,,,,
recg4b1USYlqLhTP5,true,,False,Natural Feature (SLAM),true,,recrXfyPcY4b59zBp,Dynamo 500,2,Mobile AMR,LiFePO4|Li-Ion,True,true,500,265bea8d-8718-4d26-9e63-2d74a88776de,"[high confidence] Datasheet: Payload 500 kg; Dimensions 1350 x 950 x 280 mm; Weight 215 kg; Ground Clearance 25 mm; Max Speed 2 m/s (empty) / 1.5 m/s (loaded); Turning Radius Zero; Docking ±10 mm; Nav ±20 mm; IP20; Battery LiFePO4/LTO 48V 40/22Ah; Run time 3-5 h (product page: 'Up to 5 hours'); Charging 24 min (0-80%) / 8 min (20-80%); Compliance CE, ISO 3691-4, EN ISO 12100, EN 60204-1, EN 1175-1. Attachments: Tunnelling, Pallet Lifter, Shelf Lifter, Roller Conveyor, Chain Conveyor, Case Picker.
battery_runtime=5 uses the product page's 'Up to 5 hours'; datasheet states an average range of 3-5 h — a matching engine reading 5 will be at the optimistic end of the vendor's own range.
load_type Pallet EUR/ISO is MEDIUM: derived from the datasheet-listed 'Pallet Lifter' attachment plus a 1350x950 mm footprint that accommodates a 1200x800 Euro pallet. Base unit ships as a bare platform.
station_applications 'Mobile rack' is MEDIUM: derived from the listed 'Shelf Lifter' attachment.
safety_coverage 'Single plane (2D)' is MEDIUM: base sensor set is 'Navigational LiDAR (1x Front)' with 3D LiDAR listed only as an OPTIONAL add-on, implying the standard configuration is 2D. Source: https://addverb.com/automated-warehouse-robots/mobile-robots/autonomous-mobile-robot/",,,Floor|Conveyor|Mobile rack,,Transport|Picking support,,Pallet EUR/ISO|Tote,ISO 3691-4,Proprietary,ERP,,,,,,False,,true,,,,,,,,,950,,Single plane (2D),1350,,Centralized,,,,,,,0,,,,5,8,,,,IP20,25,,,10,,True,,,,,,,,,,,,,,,,,,,,,,,,,,,,,,,,,,
recgDLFr4XueBCeaO,true,False,False,Natural Feature (SLAM),true,False,recEXze6XDg8EkoCt,UniMover O 600,,Mobile AMR,,True,,600,0a132428-c4b8-489b-bfbd-821428a10fed,OEM page oceaneering.com — HIGH confidence.,,,,,,,,,,,,,,,,,,,,,,,,,,,,,,,,,,,,,true,,,,,,,,,,,,,,,,,,,,,,,,,,,,,,,,,,,,,,,,,,,,,,,,,,,
recgggpKXdVeQyiG8,true,False,False,Natural Feature (SLAM),true,False,recDzn96L3J0ViwuZ,OTTO 600,1.4,Mobile AMR,,True,true,600,1408e083-e811-40e9-b825-5e85205ac21d,OEM ottomotors.com — HIGH confidence.,,,,,,True,,,,,,,,,,,,,,,,,,,,,,,,,,,,,,,,,,,,,,,,,,,,,,,,,,,,,,,,,,,,,,,,,,,,,,,,,,,,,,,,,,
recgzLCzETAo63iCX,,False,False,Contour|Magnetic Tape|Laser Reflector,,True,recfh4jWOXa6uCQFc,DS ARNY Mono,1.5,Forklift AGV,Lead-Acid|LiFePO4,,true,1500,29090273-e6f7-43ca-a4cd-76149677fdac,"Manual note from user research, 2026-08-06. Company-wide values from the 4 permitted ds-automotion.com technology pages: safety_standard ISO 3691-4 (DIN EN ISO 3691-4 + DIN EN 1525 named on /technologie/sicherheitstechnik/); functional_safety_level PLd ('nach EN Norm und Performance Level d produziert'); vda5050_compatible True ('Als einer von wenigen Herstellern bieten wir die VDA 5050 Schnittstelle...' on /technologie/sps-technologie/); integration_capability OPC-UA + MQTT from the same page (SAP|WMS|REST API carried over from the sibling DS records). industries_served 'General Manufacturing' = carried-over company default, not per-product evidence. Gemeinsam fuer alle ARNY-Varianten: Gabelausfuehrung ISO-Gabeltraeger, geschmiedete Zinken; optional Seitenschub / Neigungsverstellung / Zinkenverstellung -> special_fork_option ['Side-Shift'] (Seitenschub); Neigungs- und Zinkenverstellung haben keinen AP0-Wert. Navigation: Kontur-/Magnet-/Laser-/Hybridnavigation -> ['Contour','Magnetic Tape','Laser Reflector'] ('Hybrid' = Kombination, kein eigener Wert). Energieversorgung: Batteriewechsel manuell oder automatisches Laden. Batterie Blei-Saeure / Reinblei / Lithium (LFP) -> ['Lead-Acid','LiFePO4']. 3 Sicherheitslaserscanner 360 Grad -> safety_standard ISO 3691-4, safety_coverage 'Full 3D (360 + 3D sensors)'. 3 ToF-Kameras in Hauptfahrtrichtung -> load_detection 'Camera/Vision' (Muster des Schwester-Datensatzes DS AMADEUS Classic). drive_type 'Counterbalanced', load_type, forks_free_floating, manual_usage und industries_served aus dem ersetzten Sammel-Datensatz 'DS ARNY' uebernommen. HINWEIS: der ersetzte Sammel-Datensatz fuehrte 2500 kg / 8500 mm -- diese Werte werden durch die Variantentabelle abgeloest. ARNY Mono: Nutzlast 1500 kg, Hubhoehe 1500 mm, Geschwindigkeit 1,5 m/s, Leergewicht ohne Batterie 4200 kg (kein AP0-Feld -> nur hier notiert). mast_type: Quelltext sagt 'Monomast'; AP0 kennt nur Simplex/Duplex/Triplex/Quadruplex -> auf 'Simplex' abgebildet (einstufiger Mast) -- JUDGMENT CALL. ",1500,,,,,True,Pallet EUR|Pallet ISO,ISO 3691-4,VDA 5050 compatible|Open API,SAP|WMS|REST API|OPC-UA|MQTT,Automotive|General Manufacturing,,True,,,,,true,,,,,,Simplex,Camera/Vision,,,,Full 3D (360° + 3D sensors),,PLd,Centralized,,true,,Counterbalanced,,,,,,,,,Side-Shift,,,,,,,,,,,,,,,,,,,,,,,,,,,,,,,,,,,,,,,,,,,
rechO6Dc85d6zmt3z,,False,False,Natural Feature (SLAM),,False,recE4NCZsuCcdKgLb,MAXOLUTION TV015,,Mobile AMR,,True,true,1500,798f8a2b-7ad4-4ed5-bcf9-427caa3761ad,OEM sew-eurodrive.at page — MEDIUM-HIGH confidence. Nav configurable per site (tape/inductive/SLAM); recorded as SLAM for free-nav deployments.,,,,,,True,,,,,,,,,,,,,,,,,,,,,,,,,,,,,,,,,,,,,,,,,,,,,,,,,,,,,,,,,,,,,,,,,,,,,,,,,,,,,,,,,,
rechXHfIfIujT2Fnp,true,False,False,Natural Feature (SLAM),true,False,recuOsNtiRs7gMHPx,Grenzebach L1200S,2,Mobile AMR,LiFePO4,True,true,1200,230de5db-eeeb-4e3a-9504-81208b5ce76c,"Underride transport AMR. Goes under tables, trolleys, racks, shelves (requires carrier leg clearance ≥ 330mm). 60mm electrical lift to pick up load carrier. Max speed 2.0 m/s (newer generation; older L1200S-Li from 2021 datasheet had 1.0 m/s). Battery/charge data from 2021 datasheet (LiFePO4, 30 min 15-80% charge, 6h runtime at 1000kg). Contour navigation = Natural Feature SLAM, no infrastructure modifications required. Fleet Manager VDA5050-compatible but L1200S vehicle VDA5050 not explicitly confirmed. top_module_type=Lift (60mm lift to engage carrier). Dimensions from current product page.

Source: https://www.grenzebach.com/en/markets/intralogistics/automated-guided-vehicles/l1200s/",,,,None,Transport,True,Custom Carrier,,Proprietary (Fleet Manager),WMS,,,,,,,,,Flexible Route,,,,,,,10,695,Map-based,Single plane (2D),1263,,Centralized,40,,5,,,60,,,Lift,,6,30,,,,IP32,,80,,15,,,,,,,,,,,,,,,,,,,,,,,,,,,,,,,,,,,,
rechcyk6ooi1GLvzh,true,,False,Natural Feature (SLAM),,False,rec0aEywdLlapoN8m,P300,,Mobile AMR,,True,true,,4de267b4-2979-4e1c-a966-d35d9738baf5,"[medium confidence] Omnidirectional integration platform. Official card: 'For Integration / >=16 h Run Time / 1020*655*310 mm / I/O, Ethernet, WLAN, Power'. omnidirectional_movement=true is explicit and repeated: 'The P300 is an omnidirectional autonomous mobile robot built to optimize manufacturing logistics', 'Omni-Move Flexibility: Navigate freely in tight spaces', 'With omnidirectional mobility, the P300 delivers exceptional flexibility even in complex layouts and confined spaces'. battery_runtime=16 from '>=16 h'; a 90 Ah battery is stated ('long-lasting 90Ah battery-powered performance') but chemistry, voltage and charge time are not published. autonomous_charging=true and battery_swap_capable=true from 'Combined with a high-capacity battery and automatic charging, the system enables 24/7 continuous operation. With a maintenance-friendly design that minimizes downtime — such as battery replacement'. IMPORTANT: max_payload is NOT published for the P300 anywhere I could find (unlike the B150/B300/B600, whose payload is in the prose). Left NULL — do NOT infer '300 kg' from the model number: the card says only 'For Integration', and one data point (P200 = 200 kg) is not enough to establish that P-series numbers are payload codes. max_speed, gradient, temperature, humidity, IP and turning data are likewise not published for this model. Source: https://en.youibot.com/products-category/p-series.html",,,,,Transport,,,,Proprietary,MES|WMS,Automotive|General Manufacturing,,,,,False,,true,,,,,,,,,655,,,1020,,,,true,,,true,,,,Roller|Conveyor|Shelf Carrier|Cobot arm|Custom,,16,,,,,,,,,,,,,,,,,,,,,,,,,,,,,,,,,,,,,,,,,,,,,
rechr7dBH755xbqiY,true,False,False,Natural Feature (SLAM),true,True,recxCmyTFQqN92Jan,AGILOX OCF,,Forklift AGV,Li-Ion,True,true,1500,8b78e1e6-3ae6-4568-bdf2-ebef43209430,agilox.net/ocf; 750 or 1500kg; 1.2/1.6m lift; open+closed pallets (free lift); auto fork width opt; turning circle ~2100mm,1600,,,,,False,Pallet EUR|Pallet ISO|Half-Euro|UK Pallet|Plastic Bin|Custom Carrier,ISO 3691-4 (verify),Proprietary (X-SWARM),WMS|REST API,Automotive|F&B|3PL|General Manufacturing,True,True,,,,1300,,,,,,,,,,,,,,,Decentralized/Swarm,,,,Counterbalanced,true,,,,,,,,,,,,,,,,,True,,,,,,,,,,,,,Auto (optional),,,,,,,,,,,,,,,,,,,,,
rechxvmOsims44zHD,true,False,,Natural Feature (SLAM),,False,rec9JLzNECeDOrlH7,FlowT 1000,1.5,Forklift AGV,LiFePO4,True,true,1000,6e17971e-952e-4b77-a1c7-2a5f8d5ec6e2,"[high confidence] Datasheet (2026-01, current): Payload 1000 kg; Overall Dimensions 1807 x 854 x 2013 mm; Fork Dimensions 1220 x 150 x 90 mm; Lifting Stroke 115 mm; Weight 350 kg; Payload Type Open Pallets, Trolley, Cages; Max Speed 1.5 m/s; Docking Accuracy ±20 mm; Navigational Accuracy ±50 mm; Min. Aisle Requirement 2200 mm (with 1000 mm width pallet); Min. Turning Radius 1761 mm; IP20; 5G compatible; Battery LiFePO4 48V 100Ah, ~2000 cycles; Run time 6-8 h; Charging 1.5 h (20-80%); Charging Dock: Fully Automatic Smart Charging Station + Manual Portable Charger; Teach Pendant manual controller. Sensors: Navigation 3D LiDAR (1x Top), Obstacle Detection LiDAR (2x Bottom), Fork-Tip Sensors (2x), Pallet Detection Sensors (2x forks), Pallet Detection Camera (1x Back).
DERIVED: drive_type 'Pallet Mover' — datasheet title is literally 'AUTONOMOUS PALLET TRUCK', ground-to-ground, 115 mm lifting stroke. stacking_capability=false — 115 mm stroke cannot stack (matches project rule: low-lift => stacking false). lifting_height=115 from 'Lifting Stroke'. vna_capable=false — published min aisle 2200 mm, far above the 1600-2000 mm VNA band; Addverb has no turret product. stop_accuracy=20 from Docking Accuracy (navigational accuracy ±50 mm recorded here in notes only). infrastructure_free=true — FlowT page: 'without requiring any special facility infrastructure'. autonomous_obstacle_bypass=true — 'dynamically reroutes around obstacles'. outdoor_capable=false from IP20. barcode_readers=false — no barcode/RFID reader in the sensor list (pallet detection is camera+LiDAR based); MEDIUM confidence, consider NULL if the DB convention treats absent-from-list as unknown.
battery_runtime=8 uses the top of the published '6~8 Hours' range. charge_time=90 min (1.5 h, 20-80%).
FLAG: product page headline says 'Payload (kg) 1000, 2000' and the FlowT family intro says 'up to 2,000 kg' — a 2000 kg configuration appears to be offered but is NOT specified in any datasheet. Recorded conservatively as 1000. If a 2000 kg variant is confirmed later it should be a separate record.
NOT RECORDED (no AP0 field in the current vocabulary for a forklift): Min. Turning Radius 1761 mm; overall height 2013 mm. Source: https://addverb.com/automated-warehouse-robots/mobile-robots/autonomous-forklift/",115,,Floor|Conveyor,,,,Pallet EUR/ISO|Roll Container,ISO 3691-4,Proprietary,ERP,,,,,,False,2200,true,,,,,,,,,854,,,1807,,Centralized,,,,Pallet Mover,,,,,,,8,90,,,,IP20,,,,20,,True,,,,,,,,,,,,,,,,False,,,,,,,,,,,,,,,,,,
reciEJV4PGYZDMqdr,,False,False,Natural Feature (SLAM),,True,recFYBjIlodgK2IOF,STILL AXV 12 iGo,,Forklift AGV,,True,true,1200,3cde76d1-e91b-4518-9312-c77a408cd4df,,1844,,,,,True,,,,,,,,,,,2480,true,,,,,,,,,,,,,,,,,,,,,,,,,,,,,,,,,,,,,,,,,,,,,,,,,,,,,,,,,,,,,,,,,,,,,,
recia7Fp4tnXMLQAu,,False,False,Natural Feature (SLAM),,True,recmicdSL1E0TiTTL,VisionNav VNR16,2,Forklift AGV,,True,true,1600,0160194c-a565-47b9-9484-3cb5ffb51137,,5500,,,,,,,,,,,,,,,,3250,,,,,,,,,,,,,,,,,,,,,,,,,,,,,,,,,,,,,,,,,,,,,,,,,,,,,,,,,,,,,,,,,,,,,,,
reciiBii3TbQDEIBX,,False,False,Contour|Magnetic Tape|Laser Reflector,,True,rec9IMSdG4Unnlte3,DS ARNY Triplex,1.5,Forklift AGV,Lead-Acid|LiFePO4,,true,1000,a8defa08-24da-4e86-958f-65b59cfb9231,"Manual note from user research, 2026-08-06. Company-wide values from the 4 permitted ds-automotion.com technology pages: safety_standard ISO 3691-4 (DIN EN ISO 3691-4 + DIN EN 1525 named on /technologie/sicherheitstechnik/); functional_safety_level PLd ('nach EN Norm und Performance Level d produziert'); vda5050_compatible True ('Als einer von wenigen Herstellern bieten wir die VDA 5050 Schnittstelle...' on /technologie/sps-technologie/); integration_capability OPC-UA + MQTT from the same page (SAP|WMS|REST API carried over from the sibling DS records). industries_served 'General Manufacturing' = carried-over company default, not per-product evidence. Gemeinsam fuer alle ARNY-Varianten: Gabelausfuehrung ISO-Gabeltraeger, geschmiedete Zinken; optional Seitenschub / Neigungsverstellung / Zinkenverstellung -> special_fork_option ['Side-Shift'] (Seitenschub); Neigungs- und Zinkenverstellung haben keinen AP0-Wert. Navigation: Kontur-/Magnet-/Laser-/Hybridnavigation -> ['Contour','Magnetic Tape','Laser Reflector'] ('Hybrid' = Kombination, kein eigener Wert). Energieversorgung: Batteriewechsel manuell oder automatisches Laden. Batterie Blei-Saeure / Reinblei / Lithium (LFP) -> ['Lead-Acid','LiFePO4']. 3 Sicherheitslaserscanner 360 Grad -> safety_standard ISO 3691-4, safety_coverage 'Full 3D (360 + 3D sensors)'. 3 ToF-Kameras in Hauptfahrtrichtung -> load_detection 'Camera/Vision' (Muster des Schwester-Datensatzes DS AMADEUS Classic). drive_type 'Counterbalanced', load_type, forks_free_floating, manual_usage und industries_served aus dem ersetzten Sammel-Datensatz 'DS ARNY' uebernommen. HINWEIS: der ersetzte Sammel-Datensatz fuehrte 2500 kg / 8500 mm -- diese Werte werden durch die Variantentabelle abgeloest. ARNY Triplex: Nutzlast 1000 kg, Hubhoehe 7400 mm, Geschwindigkeit 1,5 m/s, Leergewicht ohne Batterie 5600 kg (kein AP0-Feld -> nur hier notiert). ",7400,,,,,True,Pallet EUR|Pallet ISO,ISO 3691-4,VDA 5050 compatible|Open API,SAP|WMS|REST API|OPC-UA|MQTT,Automotive|General Manufacturing,,True,,,,,true,,,,,,Triplex,Camera/Vision,,,,Full 3D (360° + 3D sensors),,PLd,Centralized,,true,,Counterbalanced,,,,,,,,,Side-Shift,,,,,,,,,,,,,,,,,,,,,,,,,,,,,,,,,,,,,,,,,,,
reciib2foONqcJeg7,true,False,,Natural Feature (SLAM),true,False,recdF9PIdFzrKQHQv,Hikrobot Q7-1500D,1.5,Mobile AMR,LiFePO4,True,,1500,be0daaf3-fe25-4093-8384-909dcb5cca9e,"LMR (Latent Mobile Robot) — underride shelf/carrier transport AMR. Goes under racks or carriers using built-in lifting mechanism. Navigation: Laser SLAM (natural) + optional QR code floor markers (dual mode; 'Q7-1500-D 2D Code' is the QR variant). Entry set to Natural Feature SLAM / infrastructure_required=0 for the natural nav variant. Payload 1500kg, speed 1.5 m/s, 1180×860×265mm, 8h runtime, ≤2h charge. Accuracy ±10mm. Fleet: RCS 2000 (proprietary fleet management, centralized, mixed-fleet capable). iWMS integrates with WMS. VDA5050 confirmed for Q3-600 model in same LMR family; not yet confirmed for Q7-1500D. Hikrobot is a HIKVISION subsidiary. CE marked.

Source: https://www.hikrobotics.com/en/mobilerobot/LMR/",,,,None,Transport|Goods-to-Person,,Custom Carrier,,Proprietary (RCS 2000),WMS,,,,,true,,,,Flexible Route,,,,,,,,860,Map-based,Single plane (2D),1180,,Centralized,,,,,,,,,Lift,,8,120,,,,,,,,10,,,,,,,,,,,,,,,,,,,,,,,,,,,,,,,,,,,,
reciwPmaxlpwu1VbJ,true,False,False,Natural Feature (SLAM),true,False,rectbPilKOG7GMMMn,Omron LD-250,1.2,Mobile AMR,LiFePO4,True,true,250,506aa719-581d-40a9-b024-c0558bb34db6,"Heavy transport AMR, 250kg payload. Larger 969×720mm platform vs LD-60/90. Natural Feature SLAM. PLd safety. Max gradient reduced to 3.0% vs 8.3% for LD-60/90. Battery LiFePO4 72Ah, 10h runtime at full payload, 130-min charge (20-80%). Cleanroom ISO 5 / Class 100 rated. Stop accuracy ±25mm standard target. Fleet FLOW Core max 100 robots; multi-vendor Unified Fleet License. top_module_type=Custom (configurable for different cargo).

Source: https://assets.omron.eu/downloads/datasheet/en/v5/i639_ld-series_mobile_robots_datasheet_en.pdf",,,,None,Transport,,Custom Carrier,ISO 3691-4|ANSI/ITSDF B56.5|UL 3100,Proprietary (FLOW Core),WMS|ERP|MES,,,,,true,,,true,Flexible Route,,,,,,,5,720,Map-based,Single plane (2D),969,PLd,Centralized,40,true,3,,,,,true,Custom,100,10,130,,,,IP20,,95,,25,,,,,,,,,,,,,,,,,,,,,,,,,,,,,,,,,,,,
recizNItlCCIFDC0Q,,False,True,QR/DM Code|Natural Feature (SLAM),true,,recgQcS093VErHnez,Geek+ SkyCube (G2P system),,Mobile AMR,Li-Ion,,true,,2d070880-0586-4a19-9814-b71c8a25bed9,streamtecheng.com geekplus skycube; multilevel AS/RS + P+X robots; 5-8x density (~6.5x mid); ~550 picks/hr & 81% labour cut reference (per-SYSTEM),,,,Bin-transfer|Conveyor-integrated,Goods-to-Person|Picking support,,Pallet EUR|Tote|Custom Carrier,"None (CE EU models, verify)",Proprietary,WMS|ERP|REST API,E-Commerce|Retail|3PL,,,,,,,,,,,,,,,,,,,,,Centralized,,,,,,,,,,,,,,,,,,,,,,,,,,,,,,,,Pallet-to-Person|Tote-to-Person,,,,,,,,Custom API,,,,,,,,,,,Per system,,,,550,
recjkoufSI1CRCtWF,,False,False,Natural Feature (SLAM),,True,recXSHfF2CLl09DAO,VisionNav VNP30,1.5,Forklift AGV,,True,true,3000,44aa8684-e25a-4b35-9e24-291abc7fe2a3,,3000,,,,,,,,,,,,,,,,3992,,,,,,,,,,,,,,,,,,,,,,,,,,,,,,,,,,,,,,,,,,,,,,,,,,,,,,,,,,,,,,,,,,,,,,,
reck4jGXrFOEU3SGw,,False,False,Natural Feature (SLAM),,False,receerSM4n3B7ehca,VisionNav VNST20-SINGLE,1.8,Forklift AGV,,True,true,1000,3acb86c7-97c4-404c-9870-0d1454489b9f,,100,,,,,,,,,,,,,,,,2090,,,,,,,,,,,,,,,,,,,,,,,,,,,,,,,,,,,,,,,,,,,,,,,,,,,,,,,,,,,,,,,,,,,,,,,
reck6oJai8nQfx18H,,False,True,Natural Feature (SLAM),true,False,recqUOkKuS2AK7ffN,GreyOrange Ranger RIL-L,2,Mobile AMR,,False,,1000,f5595163-2acc-43e0-99f8-ce11c2eb8840,,,True,,,,,,,,,,,,,,,,,,,,,,,,,,,,,,,,,,,,,,,,,,,,,,,,,,,,,,,,,,,,,,,,,,,,,,,,,,,,,,,,,,,,,,
reckIavtWqrUxMfhh,,False,False,Laser Reflector,,False,rechCCtaqcG85G1Ij,BT Levio LAE250 Autopilot,2.22,Forklift AGV,Lead-Acid|Li-Ion,,true,2500,9feb502a-3e30-4f0f-9b03-6e2c25b82643,"Specs from official Toyota datasheet (TP-746906-040, v12, 2019-03-12). Pallet Mover (lowlifter) — lift only 120mm off floor, no stacking. Standard config: lead-acid 24V/500Ah; Li-Ion auto-charge optional. Min aisle width (auto mode, FL1200, large battery, short-side): 2660mm. Width 930mm, overall length 2227mm (FL1200 large battery). Max gradient 6% loaded. Battery swap: sideway change possible. forks_free_floating=FALSE per taxonomy (fork support wheels present).

Source: https://toyota-forklifts.eu/globalassets/50-local-library/cz/downloads/agv-technicke-listy/lae250-technicky-list.pdf/",120,,,,Transport,,Pallet EUR|Pallet ISO,,Proprietary (T-ONE),WMS|ERP,,,,,,,2660,true,Flexible Route,,,,,,Mechanical/Tactile,,930,Map-based,Single plane (2D),2227,,Centralized,,true,6,Pallet Mover,,,,,,,,,,,,,,,,,,True,,,,,true,,,,,,,,,,,,,,,,,,,,,,,,,,,,,
reckNoTYnRPv59zCY,true,False,False,Natural Feature (SLAM),true,False,recA5z0LOKPckVhTk,MiR1350,2.7,Mobile AMR,Li-Ion,True,true,1350,52c0148e-3f5c-4c89-bcc0-d43dec2cdaa8,automationinc.com/mir; heaviest MiR; 2.7m/s unloaded,,False,,None,Transport,True,Pallet EUR|Custom Carrier,ISO 3691-4,Open API,WMS|REST API,Automotive|3PL|General Manufacturing,,,,,False,,true,,,,,,,,5,,,,,,Centralized,40,,,,,,,,Lift|Pallet Lift|Shelf Carrier,,,,,,,IP52,322,95,,,,,,,,,,,,,,,,,,,,,,,,,,,,,,,,,,,,,,
reckYIICO5FIBQC2I,,False,False,Natural Feature (SLAM),true,False,recsvkJ4SuHPF2vC4,ek robotics FAST MOVE,,Mobile AMR,,,true,,95fc173a-0a50-44b2-9f7e-f87a45fa056f,,,,,,,True,,,,,,,,,,,,,,,,,,,,,,,,,,,,,,,true,,,,,,,,,,,,,,,,,,,,,,,,,,,,,,,,,,,,,,,,,,,,,,,,,,,
reckevLvtAaBRkdlB,,False,False,Natural Feature (SLAM),,True,reczj4p0WenDSQbOE,Hikrobot F1-1000U-A,,Forklift AGV,,True,,600,60520774-5858-4793-a678-c9c693f4d69b,,2044,,,,,,,,,,,,,,,,,,,,,,,,,,,,,,,,,,,,,,,,,,,,,,,,,,,,,,,,,,,,,,,,,,,,,,,,,,,,,,,,,,,,,,,
reckpufQ79nABmALF,true,False,False,Natural Feature (SLAM),,True,recUFI9bK8LfVd8iy,OTTO Lifter,1.5,Forklift AGV,,True,true,1200,b59dfb6a-2037-423d-98df-965c88bc3a93,,760,,,,,,,,,,,,,,,,,true,,,,,,,,,,,,,,,,,,,,,,,,,,,,,,,,,,,,,,,,,,,,,,,,,,,,,,,,,,,,,,,,,,,,,,
recky8u8GUMNq7koP,,False,True,Natural Feature (SLAM),true,False,recwhVrxzXpFnsfK2,Geek+ P500R,2,Mobile AMR,,False,true,600,038b26f0-857b-4320-9535-8fe9e358894d,,,True,,,,,,,,,,,,,,,,,,,,,,,,,,,,,,,,,,,,,,,,,,,,,,,,,,,,,,,,,,,,,,,,,,,,,,,,,,,,,,,,,,,,,,
reclMGmPq29ZU0Ai5,,False,False,Natural Feature (SLAM),,True,recF0YbTF0POLRIao,VisionNav VNE35,2.2,Forklift AGV,,True,true,3500,ee69df08-fcfa-4140-83a4-c3c373e42f41,,3000,,,,,,,,,,,,,,,,4430,,,,,,,,,,,,,,,,,,,,,,,,,,,,,,,,,,,,,,,,,,,,,,,,,,,,,,,,,,,,,,,,,,,,,,,
recli9k2ZbtdKJkTF,true,False,False,Natural Feature (SLAM),true,False,recP6U5SgtqSwCSbz,MiR100,1.5,Mobile AMR,Li-Ion,True,true,100,a1ad1dec-9dfb-4b35-809d-de9af3064e8e,,,False,,,,,,,,,,,,,,False,,,,,,,,,,,,,,,,,,,,,,,,,,,,,,,,,,,,,,,,,,,,,,,,,,,,,,,,,,,,,,,,,,,,,,,,
reclrl367t3uguXqQ,,False,True,Natural Feature (SLAM),true,False,rec3ivjESdsqhWZiO,Geek+ RoboShuttle RS8-DA,1.8,Mobile AMR,,False,,40,19717547-e506-40aa-9423-9902fe584817,,,False,,,,,,,,,,,,,,,,,,,,,,,,,,,,,,,,,,,,,,,,,,,,,,,,,,,,,,,,,,,,,,,,,,,,,,,,,,,,,,,,,,,,,,
reclswT2lHGbfp2Us,,False,False,Laser Reflector,,True,recOmxxd9CN3nbEBS,E80 Micro LGV,1.5,Forklift AGV,,False,true,1500,34843c40-0e4c-46e6-8d97-d7f7aed3ed91,,1500,,,,,,,,,,,,,,,,,,,,,,,,,,,,,,,,,,,,,,,,,,,,,,,,,,,,,,,,,,,,,,,,,,,,,,,,,,,,,,,,,,,,,,,
recmaDc9z80LVHWL9,true,False,,Natural Feature (SLAM),,True,recwp11ySCACm2pdJ,Vecna AFL (Autonomous Forklift),3,Forklift AGV,Li-Ion|Lead-Acid,True,true,1361,44e8853c-be9b-42a4-8ded-6af4218c81df,"[high confidence] All numeric values are the manufacturer's OWN printed METRIC column from the 2026/03 tear sheet (imperial/metric side by side), so no conversion error is possible: lift 60 in = 1,524 mm; payload 3,000 lb = 1,361 kg; L x W x H 123.2 x 43.4 x 96 in = 3129 x 1102 x 2438 mm; speed 6.7 mph = 3.0 m/s. min_total_height=2438 is the 'H' of the L x W x H triple (MEDIUM within an otherwise HIGH record -- the sheet does not label it as lowered-mast height, though that is the standard meaning of H in such a triple). min_aisle_width=4700 is the tear sheet's 'RIGHT ANGLE STACK 15 ft 6 in / 4.7 m'. IMPORTANT ALTERNATIVE: the same sheet also prints 'MINIMUM AISLE WIDTH AT MAX SPEED 9 ft / 2.7 m'. I chose 4.7 m because AP0 defines min_aisle_width as the working aisle; 2.7 m is only the corridor in which it can still travel at full speed and does NOT permit right-angle pallet handling. drive_type=Counterbalanced is stated by the product name and by the site ('counterbalanced forklift'). stacking_capability=true: 1,524 mm mast lift, explicitly lifts to/from conveyors, wrappers and risers. battery_type from 'Compatible with standard lead acid, lithium ion, and TPPL batteries' (TPPL = thin-plate pure lead, a lead-acid chemistry, so it folds into Lead-Acid). charge_time=120 is the UPPER bound of the published '1-2 hours charge time' range. autonomous_charging=true, but note it is listed as an ADD-ON accessory ('Autonomous charging with smart scheduling New!'); the base configuration uses manual opportunistic charging (the web page says 'Runs 24/7 using manual opportunistic charging'). barcode_readers=true from 'LPN Scanning -- scans pallet barcodes and sends updates to your WMS'. fleet_management_system=Proprietary (Pivotal Orchestration Engine). integration_capability limited to WMS -- the sheet says 'Remote tablet, WMS, and barcode scanning'; no REST/MQTT/OPC-UA/SAP claim exists, so nothing else was added. NOT SET: load_type (site only says 'a wide range of payloads and pallet types'; US pallet nomenclature does not map cleanly to the EUR/ISO vocabulary), mast_type, special_fork_option, fork_spread, stop/drop/pick accuracy, IP/temp/humidity/gradient -- none published. FORK LENGTH 42 in / 1,066 mm and WEIGHT (less battery) 4,700 lb / 2,132 kg are published but have no AP0 field. [FINALIZATION PASS] navigation_type=Natural Feature (SLAM) upgraded to fully confirmed via the official 'Pivotal Autonomous Navigation' page: Vecna builds 'a virtual map of your entire facility' and states 'Vecna AMRs are not limited to fixed routes and do not require any special infrastructure or markings to navigate'. This matches the AP0 mapping rule ('free navigation'/'marker-free'/'environment mapping' -> Natural Feature (SLAM)). autonomous_obstacle_bypass=true added on the same source: 'Free Space Reasoning(TM) allows AMRs to adjust their route and navigate around obstacles, without requiring assistance from workers', plus 'if congestion is too high on the prescribed route, Vecna's AMRs will pursue alternative available paths'. That is re-routing AROUND obstacles, exactly what the AP0 hint asks for, not merely stop-and-wait. This is a platform-level claim covering the whole fleet. fleet_control_architecture=Centralized added (MEDIUM): the Pivotal Orchestration Engine is a central cloud service that 'connects all routes and synchronizes with all vehicles in your fleet'; no swarm/on-board-negotiation claim exists. vda5050_compatible remains deliberately UNSET: a text scan of all seven Vecna sources collected (4 product pages, 4 tear sheets, navigation page, software-suite page, about page) returned ZERO occurrences of 'VDA' or '5050'. load_detection=['Barcode/DataMatrix'] added from the explicit 'LPN Scanning -- scans pallet barcodes and sends updates to your WMS' feature, which is how this truck identifies/verifies the pallet. Vecna also markets 'smart pallet detection' that 'scans the pickup area to identify the correct pallet ... and adjusts if anything is misaligned', but it never names the SENSOR modality, so 'Camera/Vision' and 'Laser/LiDAR profiling' were NOT added -- that would be guessing at the hardware. Source: https://www.vecnarobotics.com/afl-autonomous-forklift/ | spec sheet: https://www.vecnarobotics.com/wp-content/uploads/2026/03/Tear-Sheet-AFL.pdf",1524,,,,,,,ANSI/ITSDF B56.5,Proprietary,WMS,,,,,,,4700,true,,,,,,,Barcode/DataMatrix,,1102,,,3129,PLd,Centralized,,,,Counterbalanced,,,,,,,8,120,,,,,,,,,,,,,,,,,,,,,2438,,,,,True,,,,,,,,,,,,,,,,,,
recmsRoRu8lqb4Xoq,,False,False,Natural Feature (SLAM),,True,recV8UYophsPw7GHc,VisionNav VNSL14,1.3,Forklift AGV,,True,true,1400,5593a380-a05b-48da-b70e-87148d843f9e,,1600,,,,,,,,,,,,,,,,2250,,,,,,,,,,,,,,,,,,,,,,,,,,,,,,,,,,,,,,,,,,,,,,,,,,,,,,,,,,,,,,,,,,,,,,,
recn8tuExVmliXLco,true,,False,Natural Feature (SLAM),,False,reclYeSsbmYSXJVAb,B600,,Mobile AMR,,True,true,600,2d594947-8778-4899-8637-5d81c7e74054,"[medium confidence] Heavy integration platform on the large chassis (1150*770*300 mm — essentially the same footprint as the L1000-CE/L1500). Card: 'For Integration / 8 h Run Time / 1150*770*300 mm / I/O, Ethernet, WLAN, Power'. max_payload=600 from '600kg Payload Capacity with Superior Strength and Flexibility' and 'The Youibot B600 redefines high-capacity logistics with its robust 600kg payload'. max_fleet_size=200 from 'Capable of coordinating up to 200 robots in a single environment'. battery_swap_capable=true from 'Each robot supports autonomous charging, manual charging, and hot-swappable battery options'. SAFETY NOTE: the B600 text says 'multi-level safety inputs and 180 deg front-rear safety bumper coverage' plus 'a high-precision LiDAR offering wide-angle scanning' at the front and rear laser sensors — explicitly NOT described as 360 deg safety-rated scanning, so safety_coverage is left NULL. No speed, battery detail, charge time, environmental or gradient data published. Source: https://en.youibot.com/products-category/p-series.html",,,,,Transport,,,,Proprietary,MES|WMS,Automotive|General Manufacturing,,,,,False,,true,,,,,,,,,770,,,1150,,,,true,,,,,,,Roller|Conveyor|Shelf Carrier|Custom,200,8,,,,,,,,,,,,,,,,,,,,,,,,,,,,,,,,,,,,,,,,,,,,,
recnCm9kkPBN8Bh4K,,False,False,Natural Feature (SLAM),,,recORzRhFpqcS5klE,MAXOLUTION LA015,,Mobile AMR,,True,true,1500,d5fbe241-3803-4bd7-803d-215dbaeb6960,OEM sew-eurodrive.at — MEDIUM-HIGH confidence.,,,,,,True,,,,,,,,,,,,,,,,,,,,,,,,,,,,,,,,,,,,,,,,,,,,,,,,,,,,,,,,,,,,,,,,,,,,,,,,,,,,,,,,,,
recnIlKiGE4k7ifQ9,,False,False,Laser Reflector|Natural Feature (SLAM),,True,recVVvZ1svGenczKu,STILL FM-X iGo,,Forklift AGV,Li-Ion,True,true,2500,777e9bbd-c529-46a2-b802-922e9f421bc5,"still.co.uk/ifoy IFOY 2025 winner; 2.5t, 9.8m, 3.0m aisle",9800,,,,,True,Pallet EUR|Pallet ISO,ISO 3691-4,Proprietary (iGo TCS),SAP|WMS|ERP,General Manufacturing|3PL|F&B,,,,,,3000,true,,,,,,,,,,,,,,Centralized,,,,Reach Truck,,,,,,,,,Side-Shift,,,,,,,,,,,,,,,,,,,,,,,,,,,,,,,,,,,,,,,,,,,
recnMCxMAN8Ctz9K1,true,False,False,Natural Feature (SLAM),true,False,recrHFL6bV723lXHM,OTTO 1200,,Mobile AMR,,True,true,1200,522b8734-6bc4-40e8-b9bb-63c77fee386c,OEM ottomotors.com — HIGH confidence.,,,,,,True,,,,,,,,,,,,,,,,,,,,,,,,,,,,,,,,,,,,,,,,,,,,,,,,,,,,,,,,,,,,,,,,,,,,,,,,,,,,,,,,,,
recnqGnTgvGnmgV4s,true,False,False,Contour|Magnetic Tape,true,False,recI7YS6S12O06ixr,DS OSCAR Spin 360,1.6,Mobile AMR,,True,true,,fec62225-40fe-466c-893d-684457eb3803,"Manual note from user research, 2026-08-06. Company-wide values from the 4 permitted ds-automotion.com technology pages: safety_standard ISO 3691-4 (DIN EN ISO 3691-4 + DIN EN 1525 named on /technologie/sicherheitstechnik/); functional_safety_level PLd ('nach EN Norm und Performance Level d produziert'); vda5050_compatible True ('Als einer von wenigen Herstellern bieten wir die VDA 5050 Schnittstelle...' on /technologie/sps-technologie/); integration_capability OPC-UA + MQTT from the same page (SAP|WMS|REST API carried over from the sibling DS records). industries_served 'General Manufacturing' = carried-over company default, not per-product evidence. Gemeinsam fuer alle OSCAR-Varianten: Navigation 'Freinavigierend mittels konturbasierter Lasernavigation (KBL) und optional Magnetpunktnavigation' -> ['Contour','Magnetic Tape'] (AP0 hat keinen Wert fuer Magnet-PUNKTE, nur 'Magnetic Tape' -- naechstliegend). min_turning_radius 0 und rotation_capable=True: 'spin' = Drehen auf der Stelle, 'omni' = holonom; Wert aus dem ersetzten Sammel-Datensatz 'DS OSCAR' uebernommen. top_module_type ['Lift'] abgeleitet aus der Hub-Angabe -- JUDGMENT CALL. load_type, infrastructure_free, autonomous_obstacle_bypass, autonomous_charging, workflow_capability und picking_mechanism aus dem ersetzten Sammel-Datensatz uebernommen. Die Hoehenangabe H (Groesse LxBxH) ist bei Unterfahr-AMR das Feld min_ground_clearance (= Gesamthoehe/Unterfahrhoehe des Roboters), belegt durch den Vorgaenger-Datensatz (min_ground_clearance 320 = H des OSCAR omni). OSCAR Spin 360: Schutzfeld 360 Grad rundum. Batterie 48 V / 30 Ah. KEINE Nutzlast im Quelltext -> max_payload bleibt NULL. battery_type NULL (keine Chemie). omnidirectional_movement NULL ('spin' = Drehen auf der Stelle).",,,,None,Transport,True,Roll Container|Custom Carrier,ISO 3691-4,VDA 5050 compatible|Open API,SAP|WMS|REST API|OPC-UA|MQTT,General Manufacturing,,,,,,,,,,,,,,,,700,,,1670,PLd,Centralized,,,,,,130,0,,Lift,,,,,,,,295,,,,,,,,,,,,,,,,,,,,,,,,,,,,,,,,,,,,,,,
recoLb79ZuN3ejqf2,,False,True,Natural Feature (SLAM),true,False,recGpIjmVzxVku5cS,Geek+ RoboShuttle RS11-DA,1.8,Mobile AMR,,False,,40,02c3685a-8b9d-4ff6-b633-2080b3eb4893,,,False,,,,,,,,,,,,,,,,,,,,,,,,,,,,,,,,,,,,,,,,,,,,,,,,,,,,,,,,,,,,,,,,,,,,,,,,,,,,,,,,,,,,,,
recp92DEjyJmPMnXY,,False,,Laser Reflector,,False,recs2yoRwzUbT0FTL,Rocla Conveyor AWT,,Forklift AGV,Li-Ion|Lead-Acid,False,true,5000,763cbc99-a5c5-45f2-8f4a-3394aca7f45b,"[medium confidence] *** PRODUCT-TYPE CAVEAT — READ BEFORE IMPORT ***
This is a CONVEYOR AGV: an AWT chassis carrying a powered roller-conveyor deck, not a fork truck. It is neither a tugger nor an AMR, so 'Forklift AGV' is the least-wrong of the three permitted product_type values, but it is not a clean fit. I therefore left lifting_height NULL and set stacking_capability=false so it cannot wrongly satisfy a rack-stacking or lift-height KO.

max_payload=5000: official page states 'Loads of up to 2 x 2,500 kg' — entered as the 5,000 kg TOTAL vehicle capacity. If the tender's payload requirement is per-load rather than per-vehicle, the applicable figure is 2,500 kg. CROSS-CONFIRMED by the 2020 NA brochure p19 ('AWT Conveyor ... Loads up to 11,023 lbs' = 5,000 kg) and p33 ('Loads up to 2 x 5,511 lbs' = 2 x 2,500 kg) — the two brochure entries agree with the current site.
multi_load_compatibility=true: carries two loads simultaneously, explicitly.
Transfer height is stated as 'up to 950 mm' with 'variable transfer height as an option' and 'vertical conveyor functionality' as an option. There is NO AP0 field for conveyor transfer height — 950 mm was deliberately NOT written into lifting_height, because it is a handover height to a fixed conveyor, not a racking lift height. Recording it there would be a real KO-matching hazard.
Official page: 'The Conveyor AWT meets the ISO 3691-4 safety standard requirement. It has comprehensive safety features like 360 deg safety fields and side clearance monitoring.'
industries_served listed verbatim on the page. Source: https://www.rocla-agv.com/agv-solution/automated-guided-vehicles/conveyor-awt/",,,Conveyor|Machine cell,,,,Pallet EUR/ISO,ISO 3691-4,Proprietary,WMS|ERP|MES,Food & Beverage|Paper|Tyre|Manufacturing Logistics,,,,,,,,,,,,,,,,,,,,,,,true,,,,,,,,,,,,,,,,,,,,True,,,,,,,,,,,,,,,,,,,,,,,,,,,,,,,,,,
recpHMQ9RUQgwyCLa,,False,,Laser Reflector,,True,recYoQCvphMFRp6pr,Rocla Straddle AWT,,Forklift AGV,Li-Ion|Lead-Acid,False,true,2500,94005837-a50a-43cb-b203-1e5173f9db45,"[high confidence] Official page verbatim: 'Lifting height of up to 8.6 m', 'Loads of up to 2,500 kg', and 'capable of load-on-load operation and deep-stacking pallets with stable loads. Its high lifting capacity and support structure are well-suited for both conveyor handling and high lifting.' The support structure = straddle/support legs, hence drive_type=Straddle Stacker.
Described by Rocla as 'the most common AWT ... works well in different applications and has an appealing price/performance balance' — this is the volume model of the AWT platform.
LIFT CROSS-CONFIRMED: 2020 NA brochure p16 gives 338 in = 8,585 mm, matching the current 8.6 m almost exactly.
PAYLOAD CONFLICT (flagged, not resolved): the same 2020 brochure page says 'Loads up to 11,023 lbs' = 5,000 kg, which is 2x the current site's 2,500 kg. Note that 11,023 lbs also appears for the AWT Conveyor, where the current site clarifies it as '2 x 2,500 kg' — so the 5,000 kg is most likely a TWO-PALLET total for a twin-load build rather than a single-load rating. I used the current site's single-load 2,500 kg because max_payload is a KO_IF_LT field and the conservative, explicitly-current value is the safe one. If a tender needs >2,500 kg on this model, verify with Rocla before disqualifying. Source: https://www.rocla-agv.com/agv-solution/automated-guided-vehicles/straddle-awt/",8600,,Floor|Conveyor|Standard rack,,,,Pallet EUR/ISO,ISO 3691-4,Proprietary,WMS|ERP|MES,,,,,,,,,,,,,,,,,,,,,,,,true,,Straddle Stacker,,,,,,,,,,,,,,,,,,,,,,,,,,,,,,,,,,,,,,,,,,,,,,,,,,,,
recpI065ojwRv1aDa,,False,True,Natural Feature (SLAM),true,False,recvEPSeRyFeN1wOf,GreyOrange Ranger RU-L,2,Mobile AMR,,False,,1000,104258e4-a720-40bc-9616-56d4ff012792,greyorange.com / mobile-robots.com — HIGH confidence.,,True,,,,,,,,,,,,,,,,,,,,,,,,,,,,,,,,,,,,,,,,,,,,,,,,,,,,,,,,,,,,,,,,,,,,,,,,,,,,,,,,,,,,,,
recpcPgJb7rpftxwp,,False,False,Natural Feature (SLAM),,,recovkOHX6hk5bWoD,MAXOLUTION AA015,,Mobile AMR,,True,true,1400,dc0c7ee9-4d91-4003-9bd2-f8a5d2612c58,,,,,,,True,,,,,,,,,,,,,,,,,,,,,,,,,,,,,,,,,,,,,,,,,,,,,,,,,,,,,,,,,,,,,,,,,,,,,,,,,,,,,,,,,,
recpdmx88oV1qPTXe,,False,False,Laser Reflector,,True,recsxhr2GK1FahM7K,Toyota Reflex RAE250 Autopilot,2.5,Forklift AGV,Lead-Acid|Li-Ion,,true,2500,a3ac6245-85cd-4fa6-90de-6fcb6d8a90d4,"Reach truck AGV (BT Reflex Autopilot RAE160/RAE250 family). Specs from CURRENT official Toyota datasheet (TMHI Version 3.2, 2024-04-23; RAE200 dropped from current range). RAE250 = 2500kg rated (2300kg in auto mode at 650mm load centre); wheelbase 1575mm; service weight 4830kg. Overall length l1 = 2755mm; overall width 1270mm (900mm support-arm spread) / 1470mm (1100mm). Max lift height h23 = 12,000mm with Triplex Hi-Lo D mast (h3 lift 11,945mm; mast extended h4 = 12,546mm); Triplex Hi-Lo C mast tops at 9,000mm. Travel speed (auto mode) 2.5 m/s drive direction, 1.9 m/s fork direction. Max gradeability 7%. Battery 48V/420Ah; auto-charging Lithium-Ion standard (lead-acid also orderable across range). Turning radius (rotate on point) 1903mm. Min aisle Ast (auto mode, rotate on point, PPS muted, 800×1200 short-side, Triplex-C 419) = 3071mm (Triplex-D = 3123mm). Fork 45/125/1250mm, carriage ISO 2328 class 2A. Features: automatic load/unload, vertical + deep stacking, RS150 handling; load presence & push detection (standard); advanced vision-aided load handling / multi-load detection / barcode scanner (optional); auto charging Li-Ion; information display. forks_free_floating=TRUE (reach truck rule). Navigation: 'Laser precision navigation' (reflector-based for high-bay precision); range also supports natural/dual. Safety: CAT3 PLd, laser class 1 (IEC 60825-1), sound 62 dB(A). Op temp 0–40°C. NOTE: earlier v7 (2021) datasheet listed only up to 10,000mm lift and 2.0 m/s — both superseded by this v3.2 sheet.

Source: https://www.toyotamaterialhandling.com.au/products/automatic-guided-vehicles-agvs/toyota-reflex-rae250-autopilot/",12000,,,,Transport,,Pallet EUR|Pallet ISO|Roll Container,,Proprietary (T-ONE),WMS|ERP,,,True,,,,3071,true,Flexible Route,,,,,Triplex,Mechanical/Tactile,0,1270,Map-based,Single plane (2D),2755,PLd,Centralized,40,,7,Reach Truck,,,,,,,,,,,,,,,,,1903,True,,,,,,,,,,,,,,,,True,,,,,,,,,,,,,,,,,,
recpgLHi9af5LGpX0,,False,False,Contour,true,False,recWGstUi6TddD3TN,DS AMY Deck,1.8,Mobile AMR,LiFePO4,True,true,25,926d791c-f49c-478d-b67c-71c8d48ddf0f,"Manual note from user research, 2026-08-06. Company-wide values from the 4 permitted ds-automotion.com technology pages: safety_standard ISO 3691-4 (DIN EN ISO 3691-4 + DIN EN 1525 named on /technologie/sicherheitstechnik/); functional_safety_level PLd ('nach EN Norm und Performance Level d produziert'); vda5050_compatible True ('Als einer von wenigen Herstellern bieten wir die VDA 5050 Schnittstelle...' on /technologie/sps-technologie/); integration_capability OPC-UA + MQTT from the same page (SAP|WMS|REST API carried over from the sibling DS records). industries_served 'General Manufacturing' = carried-over company default, not per-product evidence. Gemeinsam AMY: Navigation konturbasiert -> 'Contour'. Kommunikation WLAN (kein AP0-Wert in integration_capability -> nur hier notiert). Schutzsystem Laserscanner vorne + hinten, optionale Kamera -> safety_standard ISO 3691-4. Geschwindigkeit 1,8 m/s. Batterietyp LFP -> 'LiFePO4'. Nutzlast 25 kg. vda5050_compatible, infrastructure_free, autonomous_charging und rotation_capable aus dem ersetzten Sammel-Datensatz 'DS Automotion AMY' uebernommen. HINWEIS: der Vorgaenger fuehrte navigation_type 'Natural Feature (SLAM)'; der neue Quelltext sagt 'konturbasiert' -> auf 'Contour' geaendert (Konvention der DS-Geschwister). Variante 'AMY Flap' wurde bewusst NICHT angelegt (keine Specs vorhanden). AMY Deck: L 690 x B 453 mm. Hoehe 600-900 mm (Bereich!) -> min_ground_clearance bleibt NULL, weil das Integer-Feld keine Spanne abbilden kann. Eigengewicht 60 kg (kein AP0-Feld). top_module_type NULL ('Deck' passt auf keinen AP0-Wert sauber).",,,,,,True,,ISO 3691-4,VDA 5050 compatible|Open API,SAP|WMS|REST API|OPC-UA|MQTT,General Manufacturing,,,,,,,,,,,,,,,,453,,,690,PLd,Centralized,,,,,,,,,,,,,,,,,,,,,,,,,,,,,,,,,,,,,,,,,,,,,,,,,,,,,,,,
recq3AyLFWJk0hUdQ,true,False,False,Natural Feature (SLAM),,False,recm4YQZ9kO3A0cF5,idealworks iw.hub,2.2,Mobile AMR,Li-Ion,True,true,1000,646d316d-12e2-4993-9208-f14df696aa91,idealworks.com; qviro iw-hub; 1000kg (pull 500kg + trailers); 2.2m/s; 641x1440; 22cm underride; VDA5050 3.0 contributor; AnyFleet multi-vendor,,False,,None,Transport,True,Pallet EUR|Pallet ISO|Custom Carrier,ISO 3691-4 (CE certified),VDA 5050 compatible|Open API,SAP|WMS|ERP|REST API,Automotive|General Manufacturing,False,False,False,true,,,,,,,,,,,,641,,Full 3D (2D/3D cameras + 360° buffers),1440,PLd (verify),Centralized,,,,,,,,,,,,,,,,,220,,,,,,,,,,,,,,,,,,,,,,,,,,,,,,,,,,,,,,,
recq91AyCPzTpFBUe,,False,False,Natural Feature (SLAM),,False,rece0Y90zu2uJgj8Z,GreyOrange Ranger Forklift (RF-AP),1.7,Forklift AGV,,True,,2000,b6c3779a-b82e-46eb-975f-95ce259122fd,greyorange.com / mobile-robots.com directory — HIGH confidence. Lift height not published (NULL).,200,,,,,,,,,,,,,,,,,,,,,,,,,,,,,,,,,,,,,,,,,,,,,,,,,,,,,,,,,,,,,,,,,,,,,,,,,,,,,,,,,,,,,,,
recqLqRjKnASooysn,,False,False,Natural Feature (SLAM),,True,recYWa2oCbmvPrrHp,Alstef GF2,,Forklift AGV,,,true,1400,f6d7f9d6-5d8b-47f7-abad-4a2115c43c78,,6500,,,,,,,,,,,,,,,,,,,,,,,,,,,,,,,,,,,,,,,,,,,,,,,,,,,,,True,,,,,,,,,,,,,,,,,,,,,,,,,,,,,,,,,,
recqq46bLapIMw4eu,,False,False,Natural Feature (SLAM),,False,recnsmsKBTLxkE3B6,VisionNav VNST20,1.8,Forklift AGV,,True,true,2000,fbb3e0be-b9c2-406c-a15d-93c92249b718,,115,,,,,,,,,,,,,,,,2250,,,,,,,,,,,,,,,,,,,,,,,,,,,,,,,,,,,,,,,,,,,,,,,,,,,,,,,,,,,,,,,,,,,,,,,
recr8nWzmKXvE18zm,,False,False,Natural Feature (SLAM),,,rechWe925vnzYdb9G,SAFELOG AGV M4,1.6,Tugger AGV,,True,true,200,288ea4f4-ab8c-46d4-becf-85df771b2115,qviro/directindustry — MEDIUM confidence. Hybrid nav (contour+magnetic+camera+odometry); simplified as SLAM.,,,,,,True,,,,,,,,,,,,,,1500,,,,,,,,,,,,,,,,,,,,,,,,,,,,,,,,,,,,,,,,,,,,,,,,,,,,,,,,,,,,,,,,,,,,
recrZjLbdsdKwexiw,,,,Vision,,,rece6akUHJXTDpVic,Tow Tractor S7,1.79,Tugger AGV,Lead-Acid,True,true,,85302d13-b3c9-41d8-a2b5-7da0ecbb0d29,"[medium confidence] TWO SOURCES, DIFFERENT RELIABILITY - read carefully.

(A) HIGH CONFIDENCE - current product page https://seegrid.com/autonomous-mobile-robots/tow-tractor-s7-amr/ (retrieved 2026-08-01):
Hero ""10,000 LB LOAD CAPACITY | 4.0 MPH""; Technical Details 'Maximum Capacity: 10,000 lbs', 'Maximum Automatic Speed: 4 mph'; Safety 'ANSI/ITSDF B56.5-2019 / ANSI B11.0', 'UL 583 certified'. FAQ 'Tow Tractor can operate on inclines up to 2.5%'. FAQ on trailers: 'The S7 is limited by weight, not cart train length ... it can tow any number of carts ... provided the total load capacity does not exceed 10,000 lbs.' Page: 'the Tow Tractor S7 can be equipped with Auto-Charge and Auto-Hitch'. Navigation: 'proprietary 3D computer vision navigation system' + 'Infrastructure-Free - Seegrid AMRs navigate with computer-vision technology'.
CONVERSIONS: 10000 lb x 0.45359237 = 4535.92 -> 4536 kg. 4 mph x 0.44704 = 1.78816 -> 1.79 m/s.
towing_capacity used (not max_payload): the FAQ is explicit that the S7 'does not lift pallets ... it is an automated tugger designed to hitch to and tow wheeled cart trains'. A deck payload rating is not published, so max_payload left NULL.
max_trailers left NULL deliberately: Seegrid states there is NO cart-count limit, only the 10,000 lb weight limit. Any integer here would be wrong.
navigation_type = ['Vision'] only. SLAM is NOT claimed on the S7 page (unlike EL1/CR1) - the 2D/3D LiDAR is described under Safety, not navigation. Not carried over from the Lift models.
safety_standard: 'UL 583' was NOT mapped to AP0's 'UL 3100'. UL 583 is the electrical safety standard for electric industrial trucks; UL 3100 is the AGV/AMR standard. Mapping them would be a fabrication.
route_programming 'Teach-in': archived brochure 'Route transfer between robots: train one and transfer route knowledge to all' - Seegrid's trained-route model. MEDIUM-HIGH.
route_type deliberately left NULL: Seegrid describes 'Sliding Scale Autonomy ... blends the agility of AMRs and the predictability of AGVs' and 'route changes can be made while production is running'. That sits between AP0's 'Fixed Route' and 'Flexible Route' - no defensible single choice.
coupling_type ['Automatic'] / auto_hitch true: from 'Auto-Hitch for payload engagement' (brochure) and 'can be equipped with ... Auto-Hitch' (current page). NOTE: Auto-Hitch is described as an OPTION, not standard - auto_hitch is a Cond. K.O. field, so confirm optionality is acceptable for the tender before relying on it.

(B) LOW CONFIDENCE - ARCHIVED brochure, possible generation drift. Source: Wayback Machine copy of https://hub.seegrid.com/hubfs/Palion%20Tow%20Tractor%20Brochure.pdf (the live URL is dead; this is the PALION-branded predecessor of the S7). Its 'PRODUCT SPECIFICATIONS' page states verbatim: Maximum Capacity 10,000 lbs; Maximum Automatic Speed up to 4.0 mph, Reverse -0.7 mph; Width 36\""; Height 76\""; Length 60\""; Turning Radius automatic outside min 96\"", manual outside min 46\""; Weight 1,860 lbs; Wheels Rubber; Battery 24V, max capacity 840 Amp-hr, compartment 31\""x13\""x32\"", connector Red SB-175, weight 854-1,500 lbs, 'Change roll deck: Standard'; Environment 'Only indoor operation', Temperature 32 degF min / 104 degF max, Humidity 20-95% RH non-condensing; Safety ANSI/ITSDF B56.5-2019, ANSI B11.0, ISO 13849 category 3 emergency stops; Auto-Charge works with EnerSys NexSys Thin Plate Pure Lead (TPPL) batteries.
WHY IT IS PROBABLY STILL THE SAME VEHICLE: capacity (10,000 lbs) and max automatic speed (4.0 mph) match the CURRENT S7 page EXACTLY, and the safety standard list matches exactly. WHY IT IS STILL FLAGGED LOW: the brochure predates the S7 naming, and Seegrid has since shipped a 'Series 8' tow tractor generation advertised with 'a shorter clearance height' and 'extended field of view' - so height, sensors and possibly length may have changed.
CONVERSIONS from (B): 36 in = 914.4 -> 914 mm; 60 in = 1524 mm; 96 in = 2438.4 -> 2438 mm (automatic-mode outside turning radius - the manual 46\"" figure is NOT applicable to autonomous operation); 32 degF = 0 degC; 104 degF = 40 degC; humidity max 95 %.
battery_type ['Lead-Acid']: EnerSys NexSys TPPL = Thin Plate Pure Lead, which IS a lead-acid chemistry (not Li-Ion). Named explicitly in the brochure. Confidence MED for chemistry, LOW for currency.
battery_swap_capable true: LOW-MED inference from 'Change roll deck: Standard' plus a defined battery compartment (31x13x32 in), an SB-175 connector and a min/max battery weight range - that is a classic roll-out battery-change deck. Flagged as an inference, not a quoted spec.
outdoor_capable false: brochure 'Environment: Only indoor operation' - explicit, but from source (B).
autonomous_obstacle_bypass deliberately left NULL: brochure Standard Safety Behaviors say 'Stops if it detects an object in the primary personnel or secondary object detection systems and resumes travel once object is removed' -> that is stop-and-wait, i.e. FALSE for the Palion generation. But the current S7 page makes no such statement and the newer Lift models do claim route adjustment. Setting false risks a wrong disqualification on a stale fact; NULL is safer.
intersection_management deliberately left NULL: brochure lists 'Timed pauses at intersections where other traffic has right of way' under TRAINED behaviours - a taught pause, not managed traffic control.
floor_flatness_req left NULL: brochure only gives qualitative guidance ('floors should not be uneven/cracked', 'free from oils, moisture, debris') - no FM/F-number class.
NOT FOUND (left NULL): tugger_min_aisle_width, load_transfer, trailer_compatibility, trailer_steering_technology, auto_hitch_position_tolerance, battery_runtime, charge_time (brochure says only 'fast charge in just over an hour' for TPPL - too vague), max_fleet_size, vda5050_compatible, stop_accuracy, ingress_protection_rating. Source: https://seegrid.com/autonomous-mobile-robots/tow-tractor-s7-amr/",,,Floor|Dock,,,,,ANSI/ITSDF B56.5,Proprietary,MQTT,General Manufacturing|3PL,,,True,,False,,true,,4536,Tugger + trailers,Automatic,,,,0,914,Teach-in,,1524,,,40,true,2.5,,,,,,,,,,,,,,,95,,,2438,,,,,,,,,,,,,,,,,,,,,,,,,,,,,,,,,,,
recrbZ9qVzdr7N8qd,true,False,False,Contour|Natural Feature (SLAM),,False,recthFT7H9feXiDqH,DS SALLY,1.6,Mobile AMR,LiFePO4,True,true,100,2829911a-a7c5-430d-b993-8b60364a4abc,"Manual note from user research, 2026-08-06. Company-wide values from the 4 permitted ds-automotion.com technology pages: safety_standard ISO 3691-4 (DIN EN ISO 3691-4 + DIN EN 1525 named on /technologie/sicherheitstechnik/); functional_safety_level PLd ('nach EN Norm und Performance Level d produziert'); vda5050_compatible True ('Als einer von wenigen Herstellern bieten wir die VDA 5050 Schnittstelle...' on /technologie/sps-technologie/); integration_capability OPC-UA + MQTT from the same page (SAP|WMS|REST API carried over from the sibling DS records). industries_served 'General Manufacturing' = carried-over company default, not per-product evidence. Gemeinsam SALLY: Batterie LiFePo4 -> 'LiFePO4'. omnidirectional_movement, min_turning_radius, load_type, industries_served, infrastructure_free, autonomous_charging, autonomous_obstacle_bypass, workflow_capability und picking_mechanism aus dem ersetzten Sammel-Datensatz 'DS SALLY' uebernommen. SALLY (Basis): 100 kg, 1,6 m/s, Navigation autonom oder KBL -> ['Contour','Natural Feature (SLAM)'].",,,,None,Transport,True,Tote|Custom Carrier,ISO 3691-4,VDA 5050 compatible|Open API,SAP|WMS|REST API|OPC-UA|MQTT,General Manufacturing|3PL|Pharma,,,,,,,,,,,,,,,,,,,,PLd,Centralized,,,,,true,,0,,Custom,,,,,,,,,,,,,,,,,,,,,,,,,,,,,,,,,,,,,,,,,,,,,,,
recrjFD34ShoJfJkk,true,,True,QR/DM Code|Natural Feature (SLAM),,,rec854kZaH6fc7e58,HAI Robotics K600,,Mobile AMR,,False,true,600,15911cbd-6cf3-4ded-ab86-3fef9a1820ec,"[high confidence] 'Heavy Duty Companion'. Conventional under-ride/jacking transport AMR — an unambiguous Mobile AMR. max_payload 600 verbatim ('Max. load capacity: 600 kg, and 1000 kg respectively'). navigation_type from '2D code + inertial navigation' (= QR/DM Code) plus 'SLAM navigation (optional)' — NOTE SLAM is an OPTION, not standard; if the matching engine treats navigation_type as an unconditional capability, consider whether an optional feature should be listed. Inertial navigation has no AP0 vocabulary entry and is dropped. infrastructure_free=false and grid_required=true derive from the base configuration being 2D-code-grid navigation, consistent with how Geek+ RoboShuttle RS8-DA is already recorded in the DB. load_type: source says 'pallets, racks, roll containers, and put carts' — 'Roll Container' is explicit and 'Custom Carrier' covers racks/put carts, but I did NOT assert 'Pallet EUR' or 'Pallet ISO' because the source says only 'pallets' without naming a standard, and a Chinese vendor's default may be an Asian 1100x1100 pallet. vehicle_width: a shared feature bullet says '630mm wide chassis adapts to narrow aisles' but it is unclear whether that covers K600 only or both models — left NULL, see researcher_notes. max_speed, vehicle_length and lift_height are not published. COMMERCIAL CAVEAT: sold only as a supplementary unit to a HaiPick ACR system. Source: https://www.hairobotics.com/products/heavy-duty-amr-k600-k1000",,,,,Transport,,Roll Container|Custom Carrier,,,,E-Commerce|3PL|Retail|Automotive|Pharma|General Manufacturing,,,,,,,,,,,,,,,,,,,,,,,,,,,,,,Lift,,,,,,,,,,,,,True,,,,,,,,,,,,,,,,,,,,,,,,,,,,,,,,,,
recroA2AgsMtoyu2B,,False,False,Natural Feature (SLAM),,True,recnrNMBmlftEmsIE,Linde L-MATIC core,2,Forklift AGV,,True,true,1200,76519d6a-c107-411e-b288-02f6e64dbf93,,1844,False,,,,True,,,,,,,,,,False,,true,,,,,,,,,,,,,,,,,,,,,,,,,,,,,,,,,,,,,,,,,,,,,,,,,,,,,,,,,,,,,,,,,,,,,,
recruUoWFuGQlhrdc,,,,QR/DM Code,,,recyB5tNNUOFn3AgJ,Dash Tug,0.4,Tugger AGV,Li-Ion,False,true,,7a71c996-b1e5-4f70-b5db-50bf6b79c15d,"[medium confidence] Datasheet (2025-11): Max Payload Capacity 2,000 kg; Payload Type Trolley; Max Payload Footprint 4,000 x 1,800 mm (customisable); Dimensions 1,076 x 890 x 165 mm; Weight 280 kg; Ground Clearance 12 mm; Max Speed 0.4 m/s; Turning Radius In-place; Navigation Accuracy ±10 mm; Navigation Sensor QR Reader (1x Bottom); Obstacle Detection Safety 2D LiDAR (1x Front); Battery LTO 24V 45Ah; Charging: Wireless Charging + Manual Portable Charger; Attachment: Manual Tugger; ERP/MES + 3rd-party integration; 5G compatible.
FLAG — PAYLOAD CONFLICT: product page says 'Payload 1800 kg' and the Mobile Robots overview says 'loads up to 1800 kgs'; the datasheet says 2,000 kg. Recorded the CONSERVATIVE 1800 in towing_capacity because this is a KO_IF_LT field — overstating would wrongly qualify Addverb for tenders it may not meet. Change to 2000 only if Addverb confirms.
CLASSIFICATION: 165 mm overall height + 12 mm ground clearance + 'carries trollies through narrow aisles' + max payload footprint 4000x1800 mm = a low-profile underride/mouse tugger that drives beneath a trolley. Hence product_type 'Tugger AGV' and train_configuration 'Underride-Mouse' (MEDIUM confidence — Addverb never uses the term, this is a form-factor derivation).
The 1800 kg figure is recorded ONLY in towing_capacity, not also in max_payload, to avoid double-counting an ambiguous single published number. Addverb labels it 'Payload Capacity' with 'Payload Type: Trolley' — i.e. the trolley load being moved.
charge_time=45 min from the product page. NOTE: the datasheet's 'Key Benefits' block mentions a '12-minute fast charge' but that paragraph is verbatim copy-paste boilerplate about a different product ('Zippy operates 24/7...'), so it is NOT trustworthy for Dash Tug and was not used.
autonomous_charging=true derived from 'Wireless Charging' (inductive charging station); MEDIUM confidence.
turning_radius=0 from 'Turning Radius: In-place turning'.
NOT FOUND — left NULL: max_trailers, coupling_type, auto_hitch, auto_hitch_position_tolerance, route_type, route_programming, intersection_management, tugger_min_aisle_width, IP class, safety_standard (Dash datasheets carry no compliance statement, unlike Dynamo/FlowT), battery_runtime, operating temperature.
SAFETY CAVEAT: unlike Dynamo and FlowT, the Dash datasheets do NOT state CE / ISO 3691-4 compliance. safety_standard deliberately left NULL rather than assumed from sibling products. Source: https://addverb.com/automated-warehouse-robots/mobile-robots/assembly-line-robot/",,,,,,,Custom Carrier,,Proprietary,ERP|MES,,,,,,False,,true,,1800,Underride-Mouse,,,,,,890,,,1076,,Centralized,,,,,,,,,,,,45,,,,,,,,10,0,,,,,,,,,,,,,,,,,,,,,,,,,,,,,,,,,,,
recrzToEbVmbSfGr4,true,False,False,Natural Feature (SLAM),,False,rec8H13ejRDfXRytT,Movu ifollow iL1000,,Mobile AMR,,True,,1000,8e0cea71-882b-42a9-82fe-0f5ce6e2b821,,,False,,,,,,,,,,,,,,,,,,,,,,,,,,,,,,,,,,,,,,,,,,,,,,,,,,,,,,,True,,,,,,,,,,,,,,,,,,,,,,,,,,,,,,,
recs32iO2l7fMKX3l,,False,False,Natural Feature (SLAM),,True,recIeJ1xyvpzQTEPZ,Linde L-MATIC AC,2,Forklift AGV,,True,true,1600,e200d4d4-6a95-43ad-a174-46eda3cab442,,4200,False,,,,True,,,,,,,,,,False,3400,true,,,,,,,,,,,,,,,,,,,,,,,,,,,,,,,,,,,,,,,,,,,,,,,,,,,,,,,,,,,,,,,,,,,,,,
recs3MZPVFkHVAub9,true,,False,Natural Feature (SLAM),true,,recayjxNo9mFYl6Ub,Dynamo 200,2,Mobile AMR,LiFePO4|Li-Ion,True,true,200,d4cf47f1-5ef0-4994-abb4-b9f3f2fd4497,"[high confidence] Datasheet: Payload 200 kg; Dimensions 920 x 755 x 300 mm; Weight 95 kg; Ground Clearance 15 mm; Max Speed 2 m/s (empty) / 1.5 m/s (loaded); Turning Radius Zero; Docking ±10 mm; Nav accuracy ±20 mm; IP20; Battery LiFePO4/LTO 24V 21/22Ah (hence both battery_type values); Run time 4 h; Charging 24 min (0-80%) / 8 min (20-80%); Compliance CE, ISO 3691-4, EN ISO 12100, EN 60204-1, EN 1175-1. Attachments: Tunnelling, Twin Roller Conveyor, Pick Assist.
Same derivations as Dynamo 100. Source: https://addverb.com/automated-warehouse-robots/mobile-robots/autonomous-mobile-robot/",,,Floor|Conveyor,,Transport|Picking support,,Tote,ISO 3691-4,Proprietary,ERP,,,,,,False,,true,,,,,,,,,755,,,920,,Centralized,,,,,,,0,,,,4,8,,,,IP20,15,,,10,,True,,,,,,,,,,,,,,,,,,,,,,,,,,,,,,,,,,
recsS2uEEiW58WGjr,,False,False,Natural Feature (SLAM)|Vision,,False,recNxNMNqv3DOPlhe,Balyo TUGGY (Linde Tractor),,Tugger AGV,Li-Ion,True,true,,3fdf83f2-5ee2-4472-b120-7f828c7c4d72,balyo.com/agv-tuggers/tuggy; up to 7t towing + return collection (verify on official page),,,Floor,,,True,None,ISO 3691-4 (verify),Proprietary,WMS|ERP,F&B|3PL|General Manufacturing,,,,,,,true,Fully Dynamic,7000,,Automatic (verify),,,,,,,Limited 3D (e.g. waterfall),,PLd,Centralized,,true,,,,,,,,,,,,None,,None,,,,,,,,None,,,,,,,,,,,,,,,,,,,,,,,,,,,,,,,,
recsSBS0pGwAeQvaC,,False,,Laser Reflector,,True,reczyoY7Y1tFHCmBI,Rocla ART (Automated Reach Truck),,Forklift AGV,Li-Ion|Lead-Acid,False,true,1600,b7911311-2ba9-4f5d-8315-97bc103e8e11,"[high confidence] Official page verbatim: 'in aisles that have as little as 3 m free space, can handle loads as heavy as 1600 kg and have a lifting capacity of up to 10 m' plus 'Thanks to the new frame model, the new ARTsmf can operate in 2.85 m free-space aisles without compromising the lifting capacity'. min_aisle_width=2850 uses the ARTsmf frame (best case, correct for KO_IF_GT semantics); the baseline frame needs 3000 mm. CAVEAT: Rocla states aisle as FREE-SPACE aisle width — confirm the tender uses the same definition. CROSS-CONFIRMED by Rocla NA brochure 08/2020 p22: 3,527 lbs = 1600 kg, 393 in = 9,982 mm (~10 m), 118 in = 2,997 mm (~3 m) — three independent matches. Won Red Dot Design Award 2025 and was nominated for materialfluss Produkt des Jahres 2025. manual_usage NOT set: the page's 'compatibility with existing warehouses operated by manual reach trucks' means coexistence with manual trucks in the same aisle, NOT that the vehicle itself has a manual driving mode — that would be an over-read. Source: https://www.rocla-agv.com/agv-solution/automated-guided-vehicles/reach-truck-art/",10000,,Standard rack|Floor|Conveyor,,,,Pallet EUR/ISO,ISO 3691-4,Proprietary,WMS|ERP|MES,,,,,,,2850,,,,,,,,,,,,,,,,,true,,Reach Truck,,,,,,,,,,,,,,,,,,,,,,,,,,,,,,,,,,,,,,,,,,,,,,,,,,,,
recsecf15hbjtNVfq,true,False,False,Natural Feature (SLAM),true,,recPYYEv2IruB0AvQ,AGILOX OPS,,Mobile AMR,Li-Ion,True,true,,7f4f259a-ffb1-4195-905c-6366a8b2bb4c,mobile-robots.com/agilox; platform for heavy loads + custom load-handling devices via standard interface; narrow aisles,,,,None,Transport,False,Custom Carrier,ISO 3691-4 (verify),Proprietary (X-SWARM),WMS|REST API,Automotive|General Manufacturing,,,,,,,,,,,,,,,,,,,,,Decentralized/Swarm,,,,,true,,0,,Custom,,,,,,,,,,,,,,,,,,,,,,,,,,,,,,,,,,,,,,,,,,,,,,,
recspVbg6ZC9PB70V,,False,False,Laser Reflector,,True,recGM5MRsdA35zkKS,E80 Clamp/Reel LGV (Unicorn/Elephant),1.5,Forklift AGV,Li-Ion (Flash Battery),False,true,5000,370bbb55-dfe1-48cd-a2dd-73c3c94578e0,"tissueworldmagazine E80 Unicorn: 5t reels, 9m, 3-high, expandable shafts. TISSUE-specific — flag relevance for F&B PoC",9000,,,,,,Custom Carrier (paper reels),ISO 3691-4 (verify),Proprietary,WMS|ERP,None (tissue/paper),,,,,,,,,,,,,,,,,,,,,,,,,Counterbalanced,,,,,,,,,Clamp,,,,,,,,,,,,,,,,,,,,,,,,,,,,,,,,,,,,,,,,,,,
recspw6cy7imCKPaw,true,False,,Natural Feature (SLAM),,False,recpiaX2ddqV1Y39K,Vecna CPJ (Co-bot Pallet Jack),1.2,Forklift AGV,Li-Ion,True,,1500,a8b3c657-b38f-4c1b-bc7c-b54985392852,"[high confidence] Manufacturer's own metric column, 2026/03 tear sheet: MAX PAYLOAD 3,300 lbs = 1,500 kg; L x W x H 68.5 x 36.5 x 89.5 in = 1740 x 927 x 2273 mm; VEHICLE SPEED 2.8 mph = 1.2 m/s. battery_type=Li-Ion is explicit and unusually precise for this vendor: 'Li-ion battery, (24V, 60 A-hr)'. battery_swap_capable=true from 'CHARGING: 2 hours, Hot-swappable' plus the web page's 'Equipment-free, manual battery swap ... for 24/7 availability'. charge_time=120 from that same '2 hours'. *** RUNTIME CONFLICT *** The 2026/03 tear sheet says 'RUN TIME: 4 hours typical', but the live product page headline says '2.5 hrs quick-change battery' and 'manual battery swap every 2.5 hrs'. I used the tear sheet's 4.0 h because it is the spec document and is the newer of the two statements, but this is a genuine unresolved discrepancy -- FLAG. battery_runtime is a scoring field, not a KO field, so the blast radius is limited. autonomous_charging=false (MEDIUM within this record): this is an asserted false rather than a NULL because the evidence is a deliberate contrast -- the same-vintage AFL and ATG sheets both list 'Autonomous charging with smart scheduling New!' under ACCESSORIES while the CPJ sheet's accessory list contains only a rear light kit, stretch wrap holder and label printer mount, and the CPJ's stated 24/7 mechanism is an explicitly MANUAL battery swap. If the parent prefers strict NULL-over-assertion, this is the one field in this record to drop. min_aisle_width=1800 comes from the web page ('6' aisles', 'navigate and stage pallets with less than 6 feet of wiggle room'), not the tear sheet -- 6 ft converted using Vecna's own 6 ft = 1.8 m convention from the ATG sheet. This is MEDIUM confidence within an otherwise HIGH record. It is a legitimate working aisle here (unlike the AFL/APT case) because the CPJ does not stack. manual_usage=true is strongly supported: the sheet's CONTROL block reads 'Autonomous transport and drop off / Manual pick up' and task allocation is 'User-directed via on-robot touchscreen' -- the CPJ is explicitly a collaborative machine where a human performs the pick. stacking_capability=false: pallet jack, no mast, no lift height published. NOT SET: lifting_height, load_type (the page says it moves 'a variety of pallets, carts, racks, bins, and other payloads' -- too vague to map to the AP0 vocabulary without guessing). Also noted but not mapped: the CPJ has an on-board touchscreen UI (onboard_ui would be true, but that field is Mobile-AMR-scoped) and the page states an operating envelope of '< 200 meter' transport distances, which has no AP0 field. The CPJ is the vehicle underneath Vecna's 'CaseFlow' case-picking solution. [FINALIZATION PASS] navigation_type=Natural Feature (SLAM) upgraded to fully confirmed via the official 'Pivotal Autonomous Navigation' page: Vecna builds 'a virtual map of your entire facility' and states 'Vecna AMRs are not limited to fixed routes and do not require any special infrastructure or markings to navigate'. This matches the AP0 mapping rule ('free navigation'/'marker-free'/'environment mapping' -> Natural Feature (SLAM)). autonomous_obstacle_bypass=true added on the same source: 'Free Space Reasoning(TM) allows AMRs to adjust their route and navigate around obstacles, without requiring assistance from workers', plus 'if congestion is too high on the prescribed route, Vecna's AMRs will pursue alternative available paths'. That is re-routing AROUND obstacles, exactly what the AP0 hint asks for, not merely stop-and-wait. This is a platform-level claim covering the whole fleet. fleet_control_architecture=Centralized added (MEDIUM): the Pivotal Orchestration Engine is a central cloud service that 'connects all routes and synchronizes with all vehicles in your fleet'; no swarm/on-board-negotiation claim exists. vda5050_compatible remains deliberately UNSET: a text scan of all seven Vecna sources collected (4 product pages, 4 tear sheets, navigation page, software-suite page, about page) returned ZERO occurrences of 'VDA' or '5050'. load_detection deliberately NOT set: no barcode/LPN scanning or named pallet-detection sensor is claimed for this vehicle (the ATG tows carts and has no forks; the CPJ's pick is performed manually by a worker). Source: https://www.vecnarobotics.com/cobot-pallet-jack/ | spec sheet: https://www.vecnarobotics.com/wp-content/uploads/2026/03/Tear-Sheet-CPJ.pdf",,,,,,,,ANSI/ITSDF B56.5,Proprietary,,,,,,,,1800,true,,,,,,,,,927,,,1740,PLd,Centralized,,true,,Pallet Mover,,,,,,,4,120,,,,,,,,,,,,,,,,,,,,,2273,,,,,,,,,,,,,,,,,,,,,,,
rectE7IM4TDfe82PW,true,,,Natural Feature (SLAM),,,recGakXqVdzWjtMiT,Vecna ATG (Autonomous Tugger),2,Tugger AGV,Lead-Acid,True,true,,a703cdc9-5ded-41f7-b51a-1c624b977268,"[high confidence] Manufacturer's own metric column, 2026/03 tear sheet: TOW CAPACITY 9,920 lbs = 4,500 kg; L x W x H 65.1 x 43.4 x 81.1 in = 1653 x 1103 x 2061 mm; TURNING RADIUS 9 ft 6 in = 2.9 m; MINIMUM AISLE WIDTH 6 ft = 1.8 m. *** AP0 HINT DEFECT *** The AP0 hint for turning_radius reads 'Tugger turning radius (tractor alone). Source: spec turning radius (e.g. Vecna ATG approx 2,900 / 9'6"")'. Vecna's tear sheet actually labels this row 'TURNING RADIUS (w/ 3 quadsteer carts)' -- it is the radius of the tractor PLUS a three-cart train, NOT the tractor alone. The 2,900 mm value is correct and verified; the 'tractor alone' attribution in the hint is not. This matters because a tender comparing tractor-alone radii would be comparing unlike quantities. Recommend correcting the AP0 hint. *** SPEED CONFLICT *** The 2026/03 tear sheet prints 'VEHICLE SPEED 5 mph / 2 m/s', but the live product page headline says '6.0 mph top speed'. I used 2.0 m/s: the tear sheet is the manufacturer's spec document and is corroborated by a third-party directory listing that also states 2 m/s, so two sources agree against the page headline. FLAG for re-check. *** max_payload deliberately NOT set *** The tear sheet gives only TOW capacity; no deck/carry payload is published, and towing capacity must not be written into max_payload. *** max_trailers deliberately NOT set *** '3 quadsteer carts' is the test configuration for the turning-radius measurement, NOT a stated maximum train length; the site only says 'varying train lengths'. Guessing 3 here would be a fabricated KO value. auto_hitch=true is confirmed but is an ADD-ON accessory ('Autonomous hitch and unhitch New!') -- not standard equipment. coupling_type NOT set: no coupling mechanism (pintle/towbar/pin) is named anywhere. autonomous_charging=true is likewise an add-on ('Autonomous charging with smart scheduling New!'); base charging is opportunistic, 1-2 h (charge_time=120 = upper bound). battery_type=Lead-Acid only -- the ATG sheet says 'Compatible with standard lead acid and TPPL batteries' and, unlike the AFL sheet, does NOT list lithium ion; this asymmetry looks deliberate, so no Li-Ion was added. route_type='Fully Dynamic' (MEDIUM within this record) from 'route-free navigation', 'dynamic routing', 'real-time adaptive rerouting' and 'retool paths and destinations quickly'. manual_usage=true from 'Manual Mode: Ride-on with steering tiller'. WEIGHT (less battery) 1,623 lbs / 736 kg published, no AP0 field. NOT SET: trailer_steering_technology (Vecna names the CART as 'Quadsteer' -- a cart type, not a declared steering technology for the AP0 list), load_transfer, auto_hitch_position_tolerance, intersection_management, route_programming. [FINALIZATION PASS] navigation_type=Natural Feature (SLAM) upgraded to fully confirmed via the official 'Pivotal Autonomous Navigation' page: Vecna builds 'a virtual map of your entire facility' and states 'Vecna AMRs are not limited to fixed routes and do not require any special infrastructure or markings to navigate'. This matches the AP0 mapping rule ('free navigation'/'marker-free'/'environment mapping' -> Natural Feature (SLAM)). autonomous_obstacle_bypass=true added on the same source: 'Free Space Reasoning(TM) allows AMRs to adjust their route and navigate around obstacles, without requiring assistance from workers', plus 'if congestion is too high on the prescribed route, Vecna's AMRs will pursue alternative available paths'. That is re-routing AROUND obstacles, exactly what the AP0 hint asks for, not merely stop-and-wait. This is a platform-level claim covering the whole fleet. fleet_control_architecture=Centralized added (MEDIUM): the Pivotal Orchestration Engine is a central cloud service that 'connects all routes and synchronizes with all vehicles in your fleet'; no swarm/on-board-negotiation claim exists. vda5050_compatible remains deliberately UNSET: a text scan of all seven Vecna sources collected (4 product pages, 4 tear sheets, navigation page, software-suite page, about page) returned ZERO occurrences of 'VDA' or '5050'. load_detection deliberately NOT set: no barcode/LPN scanning or named pallet-detection sensor is claimed for this vehicle (the ATG tows carts and has no forks; the CPJ's pick is performed manually by a worker). Source: https://www.vecnarobotics.com/atg-autonomous-tugger/ | spec sheet: https://www.vecnarobotics.com/wp-content/uploads/2026/03/Tear-Sheet-ATG.pdf",,,,,,,,ANSI/ITSDF B56.5,Proprietary,WMS,,,,True,,,,true,Fully Dynamic,4500,Tugger + trailers,,,,,,1103,,,1653,PLd,Centralized,,,,,,,,,,,8,120,,,,,,,,,2900,,,,,,,,,,,,,,,,,,,,,,,,,,,,,,,,,,,Quadsteer carts (tear sheet 'CART TYPE: Quadsteer'); site states it tows a variety of carts at varying train lengths
rectbk9yv3dLaLnh8,,False,False,Laser Reflector|Natural Feature (SLAM),,False,rec6oewmtwl7jLKbq,STILL LTX 50 iGo,3.9,Tugger AGV,Li-Ion|Lead-Acid,True,true,,0443d63e-b452-47ff-97ad-70e8317dd99d,"still.de LTX 50 iGo; 5000kg train (CONFIRMED on website), up to 14 km/h (3.9 m/s); SUPERSEDES plain LTX 50",,,,,,True,None,ISO 3691-4|EN 1525 (legacy),Proprietary (iGo TCS),SAP|WMS,Automotive|General Manufacturing|F&B,,,,,,,true,Fixed Route|Flexible Route,5000,B-frame|C-frame,Automatic|Towbar,Passive caster,,,,,Map-based,,,,Centralized,,true,,,,,,,,,,,,,,,,,,,1480,,,,,,,,,,,,,,,,,,,,,,,,,,,,,,,,,,,STILL LiftRunner B/C/E frames + trolleys
rectyxcOu0GbJTm6X,,True,False,Laser Reflector|Wire,,True,recXpBQVeShvZg7IJ,STILL MX-X iGo,,Forklift AGV,Li-Ion,True,true,1500,2398e502-2109-4e9d-bb39-7c7b4a4accb5,lotsofbots still MX-X iGo; automated narrow-aisle forklift; high space utilisation,14000,,,,,True,Pallet EUR|Pallet ISO,ISO 3691-4,Proprietary (iGo TCS),SAP|WMS,General Manufacturing|3PL,,,,,,1480,true,,,,,,,,,,,,,,Centralized,,,,VNA Turret,,,,,,,,,Telescopic,,,,,,,,,,,Rail|Wire,,,,,,,,,,,,,,,,,,,,,,,,,,,,,,,,
rectzuZ280iWnP0in,true,,False,Natural Feature (SLAM)|QR/DM Code,true,False,recNzAZTEmUXZuWmR,L1000-CE,1.5,Mobile AMR,LiFePO4,True,true,1000,f6ecb564-8b20-40b3-929c-31897d88ae8a,"[medium confidence] BEST-DOCUMENTED MODEL. Official current card: '1000 kg Lifting Payload / 8 h Run Time / 1152*770*300 mm / SLAM/QR Code' + 'It features a 48Ah battery and a rotary lifting module capable of lifting loads of up to 1000kg' + 'Fully compliant with CE certification and industry safety standards'. Deep specs from the full Youibot parameter table mirrored at https://www.eurobots.net/youibot-l1000-en.html (previous-generation L1000, 1060*838*300 mm chassis, same 48 Ah / 48 V electrics): max speed 1.5 m/s; maximum lift height 60 mm; ambient temperature 0 C-40 C without condensation; relative humidity 10-90 %; IP class IP20; cleanliness class max class 100; battery type Lithium Iron Phosphate 48 V 48 Ah; running time >=8 H; charging time <=2 H; charging mode Automatic / Manual / Quick Battery Replacement; maximum incline 2.5 deg; 2 x safety lidars installed diagonally; navigation mode 'Laser SLAM navigation, QR code (optional), 3D vision (optional)'.
DERIVATIONS AND CAVEATS: (a) DIMENSIONS are from the CURRENT L1000-CE (1152*770), NOT from the eurobots table (1060*838) — the chassis was redesigned; do not mix the two. (b) max_gradient=4.4 % is an exact trigonometric conversion of the published 'Maximum Incline 2.5 deg' (tan 2.5 deg = 4.37 %) — a unit conversion, not an estimate. (c) charge_time=120 min from '<=2H'. (d) lift_height=60 mm is corroborated independently by Unchained Robotics ('Jacking stroke is 60mm and can handle up to 1000kg', jacking speed 10 mm/s) — two independent sources agree, HIGH confidence on this single field. (e) cleanroom_class: vendor states 'Cleanliness class: Max class 100' (= ISO Class 5); the AP0 dropdown only offers 'None' / 'ISO 1–9', so 'ISO 1–9' is used to mean cleanroom-rated — raw value recorded here. (f) safety_standard=['ISO 3691-4'] is a MEDIUM-confidence read: the model's own name carries the '-CE' suffix and the page claims full CE compliance, which for a driverless industrial truck sold into the EU means EN ISO 3691-4 conformity — but Youibot does not print the standard number on this page (they DO print 'CE ISO 3691-4' explicitly for the AT100). Set NULL if the DB operator wants strict citation only. (g) omnidirectional_movement=false: the vendor table gives 'Turning diameter 1262 mm' and a rotation speed of '90 deg/1.21 s', i.e. a differential-drive chassis that must rotate; Youibot markets omnidirectional movement explicitly where it exists (P300, OW8-350, OWC). min_turning_radius left NULL because the 1262 mm figure belongs to the older 1060*838 chassis, not to the current 1152*770 CE chassis. (h) safety_coverage='Single plane (2D)': two safety laser lidars giving 360 deg planar coverage; 3D vision is listed only as an OPTION and is not described as safety-rated. (i) Unchained Robotics sells this model in the EU as 'Youibot L1000-R' at EUR 50,000 net — same machine, distributor naming; consider recording 'L1000-R' as an alias. (j) max_fleet_size deliberately NULL: sources conflict (100 / 200 / 1000) across vintages. (k) agvnetwork.com lists '34cm min. height of load for driving under' for the legacy L1000 — that is the required clearance UNDER the cart being picked up, which has no AP0 field (min_ground_clearance means something else), so it is noted here only. Source: https://en.youibot.com/products-category/l-series-18.html",,,,,Transport,,Custom Carrier,ISO 3691-4,Proprietary,MES|WMS,Automotive|General Manufacturing,,,,,False,,true,,,,,,,,0,770,,Single plane (2D),1152,,,40,true,4.4,,,60,,,Lift,,8,120,,ISO 1–9,,IP20,,90,,10,,,,,,,,,,,,,,,,,,,,,,,,,,,,,,,,,,,,
recuCyAc4pXcfbrxF,,False,,Natural Feature (SLAM),true,False,recDugiGFlNl8J1oZ,Hikrobot Q3-600C,,Mobile AMR,,,,600,059eae65-af31-4ff7-a1a7-458d223e37fa,,,,,,,True,,,,,,,,,,,,,,,,,,,,,,,,,,,,,,,,,,,,,,,,,,,,,,,,,,,,,,,,,,,,,,,,,,,,,,,,,,,,,,,,,,
recuKpkKHeanMiCTJ,true,False,False,Natural Feature (SLAM),true,False,recLunhsGTuIFvO3j,MiR1000,2,Mobile AMR,Li-Ion,True,true,1000,a2f359aa-448e-4fef-b23a-64d567a5b1e4,,,False,,,,,,,,,,,,,,False,,,,,,,,,,,,,,,,,,,,,,,,,,,,,,,,,,,,,,,,,,,,,,,,,,,,,,,,,,,,,,,,,,,,,,,,
recuNcCnVQMeZOnga,true,False,,Natural Feature (SLAM)|Vision,,True,rec8A4IjPfCxH9nlU,TREY Heavy Duty,,Forklift AGV,Li-Ion,True,true,2200,1ec895c4-a5ae-4ba2-867a-4c7c9e3c33fe,"[high confidence] DIRECT SPEC-SHEET VALUES (imperial, converted by me): Dimensions 160.9 in x 59.1 in x 88 in -> 4087 x 1501 x 2235 mm. Max Lifting Height 53 in -> 1346 mm. Weight 10,031 lbs (4550 kg; not a DB field). Forks ITA Class III 5"" x 2"" x 48"". Battery 'Li-Ion, 48V DC, 400Ah'. Operating Time '10+ hours at full charge' -> battery_runtime 10.0 (the '+' means this is a floor, so the field is conservative). Charging Time '4 hours' -> 240 min. Turning Radius F/R 69"" / 95"" (1753 / 2413 mm) — NOT entered: AP0 has no turning-radius field for Forklift AGV (only Tugger/AMR have one).

*** PAYLOAD CONFLICT — READ BEFORE TRUSTING max_payload ***
Three Gideon-published figures exist for this chassis:
  (a) 6,000 lbs = 2722 kg — official Oct-2025 spec-sheet PDF AND Sept-2025 brochure p.7 ('Max Payload 6,000 lbs'). Two documents, but likely the same source table.
  (b) 5,000 lbs = 2,200 kg — the live product page, with Gideon's OWN metric conversion: 'For heavier loads, Heavy-Duty Trey takes it further with a 5,000 lbs (2,200 kg) capacity.' (https://www.gideon.ai/solutions/trey/)
  (c) 2,500 kg — the April-2022 launch coverage of the first-generation Trey (trade press; dimensions quoted there, 4090 x 1500 x 2370 mm, match this chassis on L/W but not on height).
I entered (b) = 2200 kg. Reasoning: max_payload is a KO_IF_LT field, so an inflated value wrongly INCLUDES a supplier in tenders it cannot serve — the more expensive error. (b) is also the only figure Gideon states in metric itself, and it is on the page a buyer actually reads. A plausible engineering reading is that 6,000 lbs is the bare chassis rating at standard load centre while 5,000 lbs is the derated autonomous handling capacity — but that is my hypothesis, not a sourced fact. RECOMMENDATION: ask Gideon to confirm; if they confirm 6,000 lbs, raise the field to 2722.

MIN_TOTAL_HEIGHT CAVEAT (medium confidence): 2235 mm is the overall vehicle height 'H' from the dimensions row. For a forklift, min_total_height normally means mast-lowered height h1. TREY carries a sensor tower, so 2235 mm probably includes it and is NOT the bare mast height. It IS however the correct figure for door/trailer clearance, which is what the field is used for in practice. Flagged rather than omitted.

DERIVED / REASONED (labelled, not sourced verbatim):
- stacking_capability=true (MEDIUM): mechanically certain — a counterbalance truck with a real mast lifting 1346 mm can set a load on top of another. But Gideon's published workflows are trailer floor loading/unloading, and no 'double stack' claim exists; the brochure does say TREY 'automatically identifies and adjusts for dozens of pallets, racks, and cage types', which implies rack/stack interaction. Verify if a tender hinges on it.
- vna_capable=false (HIGH): 4.1 m long, 1.5 m wide counterbalance truck — physically impossible in a VNA aisle.
- omnidirectional_movement=false (HIGH): counterbalance chassis with steered wheels, and it publishes distinct front/rear turning radii.
- guidance=['None'] (HIGH): 'Free-ranging navigation' (technology page); no rail or wire.
- infrastructure_free=true (HIGH): 'TREY does not require expensive changes to your facility, docks or trailers' (brochure p.3); 'Minimal infrastructure changes thanks to autonomous mapping, localization, obstacle avoidance, and pallet detection'.
- navigation_type Natural Feature (SLAM) + Vision (HIGH): 'build 3D maps where they can save natural features'; 'They know where they are by constantly comparing features they see to those saved on the map'; 'stereoscopic cameras, 3D-vision and sensor fusion'; trade press confirms '3D SLAM'.
- autonomous_obstacle_bypass=true (HIGH): 'They can plan routes, avoid obstacles'; 'They'll avoid obstacles, yield the right of way'; 'adapting to changing floor layouts and obstructions'.
- autonomous_charging=true (HIGH): 'TREY can return to its charger between loads to maximize run-time across multiple shifts' (brochure p.2) + 'Opportunity Charging' in the spec table.
- multi_load_compatibility=true (HIGH): 'TREY automatically adjusts for 70+ pallet, cage, and tote types' (brochure p.3).
- load_type ['Pallet EUR','Pallet ISO'] (HIGH but NARROW): trade press lists supported types as CHEP, PECO, GMA, IBC Tote, EPAL1, EPAL3 and others. EPAL1/EPAL3 -> Pallet EUR; GMA/CHEP/PECO -> Pallet ISO. I deliberately did NOT add 'Bulk Bin' (for IBC Tote), 'Tote' or 'Custom Carrier' (for 'cage') — those are my mappings of vague marketing words and load_type is used in subset matching, where over-claiming wrongly includes. Operator may widen this after a vendor check.
- load_detection ['Camera/Vision'] (HIGH): AI pallet detection via stereo cameras.
- safety_standard (HIGH): 'CE Marked and compliant with ANSI/ITSDF B56.5-2019, EU Machinery Directive 2006/42/EC, ISO 3691-4:2020' (Gideon launch release / trade press). AP0 has no entry for the Machinery Directive, so only the two applicable standards are listed.
- fleet_management_system='Proprietary' (HIGH): 'GIDEON Fleet Management platform', 'browser-based fleet interface'. No open/VDA interface published.
- integration_capability ['WMS','MES'] (HIGH for WMS, MED for MES): 'Seamlessly integrate Trey into your existing WMS/WES/MES'. WES has no AP0 value. No REST/MQTT/OPC-UA/SAP claim found -> not added.
- station_applications ['Floor','Conveyor','Dock'] (HIGH): Floor + Dock are the core trailer use case; Conveyor from 'Program multi-step sequences: rotate freight, place on conveyor, etc.' (brochure p.4). 'Standard rack' NOT added — 'racks' appears only in a detection sentence, not as a putaway claim.
- industries_served (HIGH for 3PL/Retail/F&B, MED for General Manufacturing): DB Schenker (3PL, customer + Series A investor), Loblaws (Retail), Dot Foods (F&B) are named customers/partners; 'manufacturing, logistics, warehousing, and retail' is the company's own market statement.

OMITTED ON PURPOSE (do NOT backfill): max_speed (never published); battery_swap_capable (HD lists 'Opportunity Charging & Manual' — Manual refers to manual CHARGING, not swap; absence is not a 'false'); manual_usage (the 2022 chassis was purpose-made by Infinity Machine & Engineering Corp, but whether the current HD has a usable operator station is unverified); vda5050_compatible (not confirmed — see researcher_notes); safety_coverage (genuinely ambiguous: the safety-RATED function is '360° field protection via laser scanner', i.e. a 2D plane, while the 3D coverage — 'wide-angle stereo cameras catch low-lying and overhanging obstacles', '360-degree 3D obstacle detection' — is perception, not certified safety. Choosing between 'Single plane (2D)' and 'Full 3D' would be a guess, so left empty); fleet_control_architecture (central fleet manager + on-board autonomous path planning reads as either Centralized or Hybrid — no basis to choose); outdoor_capable ('rain or shine' on the technology page is about vision robustness, not an outdoor rating).

Not a field, but useful context: throughput is '25 pallets/hour' per robot, 'up to 2x with two forklifts in tandem'. Warranty 1-Year/5,000 h, extended 5-Year/25,000 h. Supported trailers: Dry Van, Refrigerated, Drop Deck, Intermodal. Source: https://www.gideon.ai/technical-specifications/ (spec sheet PDF: https://www.gideon.ai/wp-content/uploads/2025/10/TREY-HD-technical-specifications.pdf ; brochure p.7: https://www.gideon.ai/wp-content/uploads/2025/09/Gideon-Full-Line-Brochure-Sept-2025.pdf)",1346,,Floor|Conveyor|Dock,,,,Pallet EUR|Pallet ISO,ISO 3691-4|ANSI/ITSDF B56.5,Proprietary,WMS|MES,3PL|Retail|F&B|General Manufacturing,,,,,,,,,,,,,,Camera/Vision,,1501,,,4087,,,,,,Counterbalanced,,,,,,,10,240,,,,,,,,,,True,,None,,,,,,True,True,,2235,,,,,,,,,,,,,,,,,,,,,,,
recuVF92NHcsfngCR,,False,False,Natural Feature (SLAM),,True,recNOmm3VyDfhttw6,Linde L-MATIC HD k,2,Forklift AGV,,True,true,1600,bfd3b76b-4a03-406e-9ce8-6c665312f0c8,,3000,False,,,,True,,,,,,,,,,False,,true,,,,,,,,,,,,,,,,,,,,,,,,,,,,,,,,,,,,,,,,,,,,,,,,,,,,,,,,,,,,,,,,,,,,,,
recuoY6hQCuNISi2U,,,True,QR/DM Code,,,rec5ZEWeKgvayfBLN,Veloce,1.5,Mobile AMR,Li-Ion,False,true,240,dcac050e-02b8-4f9e-a59e-100ac391d5c7,"[high confidence] Datasheet: Navigation Mode QR Code Based; Max Payload Capacity 240 kg; Robot Dimensions 1700 x 998 x 4000 mm; Weight 550 kg; Max Number of Levels 8; Payload Per Level 30 kg; Max Payload Dimensions 600 x 400 x (200~400) mm; Min. Aisle Width 1170 mm; Min/Max Picking-Placing Height 480 mm ~ 3600 mm; Ground Clearance 25 mm; IP20; Operating Temperature +5 to +45 degC; Max Operating Speed 1.5 m/s; Positioning Accuracy Base ±10 mm / Carriage ±3 mm; Turning Diameter 1789 mm; Obstacle Detection 2x 2D LiDAR (front/back); Certification CE; Battery LTO 48V 22Ah; Avg. Runtime 3 h; Charging 8 min (20-80%); Automatic Charging Station; Double-Deep Fork Configuration; real-time tote detection vision.
CLASSIFICATION: Veloce is an ACR (autonomous case-handling robot) — a free-roaming FLOOR robot with a 4 m mast that drives aisles and telescopes totes into/out of racking. It is NOT a rack-integrated shuttle, so it belongs in this dataset (directly comparable to Hai Robotics HAIPICK / Geek+ C-series).
DERIVED: lift_height=3600 from 'Max Picking/Placing Height 3600 mm' (the 4000 mm figure is the robot's own overall height, not the pick height — do NOT use 4000). min_turning_radius=895 = exact half of the published 1789 mm turning DIAMETER. stop_accuracy=10 from base positioning accuracy (carriage accuracy is ±3 mm). onboard_container_count=8 from 'Max. Number of Levels 8' at 30 kg/level (MEDIUM — assumes one container per level; double-deep forks may allow more). load_type from max payload dimensions 600x400 mm = standard tote/bin footprint. outdoor_capable=false from IP20 + the +5..+45 degC range.
safety_standard LEFT NULL: only 'CE' is stated — Addverb does NOT claim ISO 3691-4 for Veloce (unlike Dynamo/FlowT). Do not infer it.
NOT RECORDED (Min. Aisle Width 1170 mm is published but there is no aisle field in the Mobile AMR scope; note it if Veloce is ever re-typed).
rotation_capable LEFT NULL — a 1789 mm turning diameter against a 1700 x 998 mm footprint is ambiguous as to true in-place rotation. Source: https://addverb.com/automated-warehouse-robots/mobile-robots/multi-carton-picking-robot/",,,Standard rack|Conveyor,,Transport|Goods-to-Person|Picking support,,Tote|Plastic Bin,,Proprietary,ERP,,,,,,False,,true,,,,,,,,5,998,,,1700,,Centralized,45,,,,,3600,895,,,,3,8,,,,IP20,25,,,10,,,,,,8,,,,,,,,,,,,,,,,,,,,,,,,,,,,,,
recuq6yKsNL3Moc9C,true,,,,,,reckVxDO9MectLdFb,HaiPick A42T-E2,,Mobile AMR,LiFePO4,,true,30,fa7b9c9b-89ba-4a0e-b2fd-94083a1b0db5,"[high confidence] Telescopic Grappling-hook ACR, second-generation A42T. BEST-DOCUMENTED product in the range — this is the only HAI page that publishes real battery figures. battery_type from 'LFP 62 Lithium battery' (LFP = LiFePO4, exact vocabulary match). charge_time 39 from '39 minutes to fast charge'. battery_runtime 6.6 from 'Full battery charge life >=6.6h' — note the source states a MINIMUM ('>='), so 6.6 is a floor, not a typical value. max_payload 30 is PER TOTE ('Picks and stores 30kg (66.1 lbs) payloads up to 12m'). onboard_container_count 8 from 'carry up to eight in its multi-storage tray tower'; the hook can haul three interlocking totes at once from the rack. throughput_picks_per_hour 63 from 'Capable of transporting 63 totes per hour' — basis is totes transported per robot per hour, which is close to but not identical with 'picks'; flagged so it is not compared naively against station-based throughput figures from other vendors. NOT RECORDED: 'Lifts its fork at a speed of up to 0.93 m/s' is a MAST/fork lifting speed, not the vehicle's travel speed — it must not be entered as max_speed. Source: https://www.hairobotics.com/robots/haipick-a42t-e2",,,,Bin-transfer,Goods-to-Person,,Tote,,,,E-Commerce|3PL|Retail|Automotive|Pharma|General Manufacturing,,,,,,,,,,,,,,,,,,,,,,,,,,,12000,,,,,6.6,39,,,,,,,,,,,,,,8,,,Tote,,,Tote-to-Person,,,,,,,,,,,,,,,,,,,Per robot,,,,63,
recvO9faMgJ7h1Aw5,true,False,False,Natural Feature (SLAM)|QR/DM Code|Laser Reflector,true,False,rece2HLzPRcZWlPaB,Jungheinrich arculee M,,Mobile AMR,Li-Ion,True,true,1200,2278ac0b-6628-40e9-9ed4-8cfe4c69fd27,"arculus.de/first-project-prodrive; 1200kg, 1200x750x290mm; pallet stacking (EPAL 800x1200); 14 units at Prodrive NL alongside EKX516ka",,,,None,Transport|Goods-to-Person,True,Pallet EUR|Custom Carrier,ISO 3691-4 (verify),Open API|VDA 5050 compatible,SAP|WMS|ERP|REST API,Automotive|General Manufacturing|3PL|E-Commerce,,,,true,,,,,,,,,,,,750,,,1200,,Centralized,,,,,,,,,,,,,,,,,290,,,,,,,,,,,,,,,,,,,,,,,,,,,,,,,,,,,,,,,
recvQyGKfNtVIaCQt,true,False,False,Natural Feature (SLAM),true,,reczDq4v43DtAAqSh,Grenzebach OL1200S,1.66,Mobile AMR,LiFePO4,,,1200,7d17e55a-3b79-44e8-a66c-56834276c1b8,"Omnidirectional underride transport AMR. Awarded LogiMAT 'Best Product'. Payload 1200-1500kg, max speed 1.66 m/s (6 km/h), dimensions 1450×760×330mm. Contour navigation (SLAM). omnidirectional_movement=TRUE (can move sideways, rotate in place). VDA5050 confirmed — 'Both the Grenzebach Fleet Manager and the new OL1200S are VDA 5050-compatible' (press release). Designed for transporting long goods carriers in demanding industrial environments. Battery and charging specs not published on product page. multi_fleet_capable=TRUE (VDA5050 enables multi-vendor fleet management). battery_type set to LiFePO4 matching confirmed L1200S/FL1200S/FF1200S siblings on the same Grenzebach S-series platform (OL1200S-specific Ah not published).

Source: https://www.grenzebach.com/en/agv/ol1200s/",,,,None,Transport,True,Custom Carrier,,Proprietary (Fleet Manager),WMS,,,,,true,,,,Flexible Route,,,,,,,,760,Map-based,Single plane (2D),1450,,Centralized,,,5,,true,60,,,Lift,,,,,,,,,,,15,,,,,,,,,,,,,,,,,,,,,,,,,,,,,,,,,,,,
recvSxjSIKaiOp1Gu,,False,,Laser Reflector,,,recw3h04zZ5oETStS,Rocla Reel Fork AWT,,Forklift AGV,Li-Ion|Lead-Acid,False,true,8000,9355c98a-5dfb-4980-8a11-db6b11bbde7d,"[medium confidence] Official page verbatim: 'The forks can be either fixed or adjustable, and can handle loads of up to 8,000 kg', 'Designed specifically for reel handling', 'Ideal system for horizontal reel transport', 'available as a solution for light, medium, and heavy loads'. 8,000 kg is at the heavy-duty end but well within the plausible band for a paper-mill reel handler — no plausibility concern.
lifting_height DELIBERATELY OMITTED: the current page states no lift height. The 2020 NA brochure's 'AWT Reel' gives 283 in (~7,188 mm), but that same brochure also gives a payload of 13,227 lbs = 6,000 kg vs the current 8,000 kg, so it is a different generation and I will not transplant its lift height onto the current model. Leave NULL.
stacking_capability OMITTED for the same reason — cannot be confirmed without a lift height.
load_type OMITTED: this vehicle handles paper/tissue/plastic REELS, not pallets. 'Custom Carrier' would be a guess about how the tender vocabulary treats reels; better left NULL than mis-set on a categorical matching field.
fork_spread NOT set: 'fixed or adjustable' does not say whether adjustment is powered/automatic or a manual setup operation. Both AP0 values ('Manual'/'Auto') would be speculation.
industries_served listed verbatim on the page. Source: https://www.rocla-agv.com/agv-solution/automated-guided-vehicles/reel-fork-awt/",,,Conveyor|Standard rack|Machine cell,,,,,ISO 3691-4,Proprietary,WMS|ERP|MES,Paper|Packaging|Printing|Tissue|Plastics,,,,,,,,,,,,,,,,,,,,,,,true,,,,,,,,,,,,,,,,,,,,,,,,,,,,,,,,,,,,,,,,,,,,,,,,,,,,,,
recvVQkGVHeNd4hiK,true,False,False,Contour,,False,rechwQ53dBKQFz1iE,DS SALLY Kurier,1,Mobile AMR,LiFePO4,True,true,50,4cf3c48b-7c33-42bd-8993-d0948bc42cb4,"Manual note from user research, 2026-08-06. Company-wide values from the 4 permitted ds-automotion.com technology pages: safety_standard ISO 3691-4 (DIN EN ISO 3691-4 + DIN EN 1525 named on /technologie/sicherheitstechnik/); functional_safety_level PLd ('nach EN Norm und Performance Level d produziert'); vda5050_compatible True ('Als einer von wenigen Herstellern bieten wir die VDA 5050 Schnittstelle...' on /technologie/sps-technologie/); integration_capability OPC-UA + MQTT from the same page (SAP|WMS|REST API carried over from the sibling DS records). industries_served 'General Manufacturing' = carried-over company default, not per-product evidence. Gemeinsam SALLY: Batterie LiFePo4 -> 'LiFePO4'. omnidirectional_movement, min_turning_radius, load_type, industries_served, infrastructure_free, autonomous_charging, autonomous_obstacle_bypass, workflow_capability und picking_mechanism aus dem ersetzten Sammel-Datensatz 'DS SALLY' uebernommen. SALLY Kurier: 50 kg, 1,0 m/s, Navigation autonom mittels KBL (kein SLAM genannt) -> ['Contour'].",,,,None,Transport,True,Tote|Custom Carrier,ISO 3691-4,VDA 5050 compatible|Open API,SAP|WMS|REST API|OPC-UA|MQTT,General Manufacturing|3PL|Pharma,,,,,,,,,,,,,,,,,,,,PLd,Centralized,,,,,true,,0,,Custom,,,,,,,,,,,,,,,,,,,,,,,,,,,,,,,,,,,,,,,,,,,,,,,
recvp7LfRg1ZSPSy2,,False,False,QR/DM Code,true,False,recN6I5FdPY0Iy7HM,STILL ACH 15 iGo,1.5,Mobile AMR,Li-Ion,False,true,1500,eb808798-3815-4e83-9988-f01b1b6988ae,,60,,,,,True,,,,,,,,,,,1897,true,,,,,,,,,,,,,,,,,,,,,,,,,,,,,,,,,,,,,,,,,,,,,,,,,,,,,,,,,,,,,,,,,,,,,,
recvsgyXS0kzosliL,true,,,,,,recQT6S6qY1FcNYKp,HaiPick A42T,,Mobile AMR,LiFePO4,,true,30,23f3c4e9-0197-424a-8593-f6bfc2a13d0e,"[medium confidence] Telescopic Lift ACR. CONFLICT FLAGGED: this product page says 'picking and storing 30kg (66.1 lbs) payloads up to 12m (39feet) high', while the robots overview page says 'up to 10m' for the same model. Recorded 12000 mm on the basis that the model-specific page is more authoritative, but this needs a vendor confirmation before it is trusted in a tender. max_payload 30 is PER TOTE, not total onboard — the robot carries up to nine such totes, so total onboard load is materially higher. Recorded per-tote to stay consistent with the existing Geek+ RoboShuttle RS8-DA record (max_payload=40, also per-tote). onboard_container_count 9 from 'multiple storage trays to carry up to nine payloads simultaneously'. Source: https://www.hairobotics.com/robots/haipick-a42t",,,,Bin-transfer,Goods-to-Person,,Tote,,,,E-Commerce|3PL|Retail|Automotive|Pharma|General Manufacturing,,,,,,,,,,,,,,,,,,,,,,,,,,,12000,,,,,,,,,,,,,,,,,,,,9,,,Tote,,,Tote-to-Person,,,,,,,,,,,,,,,,,,,,,,,,
recvxPu15TbCm4FW8,true,False,False,Natural Feature (SLAM),,False,recwzHVO7kBWlIlMW,KNAPP Open Shuttle 100,1.5,Mobile AMR,LiFePO4,True,,120,65a93b1c-446a-4b26-9cf8-d9c7920ac9f1,,,False,,,,True,,,,,,,,,,,,,,,,,,,,,,,,,,,,,,,,,,,,,,,,,,,,,,,,,,,,,,,,,,,,,,,,,,,,,,,,,,,,,,,,,,
recwCSyqFqxzlM55q,true,False,False,Natural Feature (SLAM),,True,recYqBVg3w0ashSjr,CompactMover FOL U 1200,,Forklift AGV,,True,,1200,5de3aab8-c8d2-4569-8ea7-1796ddd7f3f4,,1100,,,,,,,,,,,,,,,,,,,,,,,,,,,,,,,,,,,,,,,,,,,,,,,,,,,,,,,,,,,,,,,,,,,,,,,,,,,,,,,,,,,,,,,
recwrTRrk2zqSi1tz,,False,False,Natural Feature (SLAM),,True,reco4NRjKEbi5O2Hx,VisionNav VNP15,,Forklift AGV,,True,true,1500,d3dc824e-4de2-4afc-b217-59a19bfb655a,"OEM visionnav.com VNP15 — HIGH confidence. Lift 3000mm standard, opt up to 4500mm.",3000,,,,,,,,,,,,,,,,,,,,,,,,,,,,,,,,,,,,,,,,,,,,,,,,,,,,,,,,,,,,,,,,,,,,,,,,,,,,,,,,,,,,,,,
recwvkXhXRaUfGxU9,true,False,False,Natural Feature (SLAM),true,False,recABqzS8cYLvlQlb,Omron MD-900,1.8,Mobile AMR,Li-Ion,True,true,900,5db06de4-0500-42ba-83f1-337e17610758,,,,,,,,,,,,,,,,,,,,,,,,,,,,,,,,,,,,,,,,,,,,,,,,,,,,,,,,,,,,,,,,,,,,,,,,,,,,,,,,,,,,,,,,,
recx3UoXCh9D3sSpa,,False,False,Natural Feature (SLAM),,False,recfK9XL2oMOSnOhK,MAXOLUTION TV005,,Mobile AMR,,True,true,600,e9a0e1db-978e-4da1-9664-ce48669b28f6,,,,,,,True,,,,,,,,,,,,,,,,,,,,,,,,,,,,,,,,,,,,,,,,,,,,,,,,,,,,,,,,,,,,,,,,,,,,,,,,,,,,,,,,,,
recxPVsrpzf3CqBl6,,False,False,Natural Feature (SLAM),true,,rec53SCE0HNIV3f9W,SAFELOG AGV L2,1.6,Mobile AMR,,True,true,1500,73f13dc2-b0e9-482a-ac95-857065043188,,,,,,,True,,,,,,,,,,,,,,,,,,,,,,,,,,,,,,,true,,,,,,,,,,,,,,,,,,,,,,,,,,,,,,,,,,,,,,,,,,,,,,,,,,,
recxQMELkYFYIeIqZ,,False,False,Contour|Laser Reflector,,False,recXZxkAOiLE6T95C,DS AMADEUS Low,1.8,Forklift AGV,Li-Ion|Lead-Acid,,true,2000,ddf8b409-7ce8-4d0f-8edb-f4b8a3219f95,"Manual note from user research, 2026-08-06. Company-wide values from the 4 permitted ds-automotion.com technology pages: safety_standard ISO 3691-4 (DIN EN ISO 3691-4 + DIN EN 1525 named on /technologie/sicherheitstechnik/); functional_safety_level PLd ('nach EN Norm und Performance Level d produziert'); vda5050_compatible True ('Als einer von wenigen Herstellern bieten wir die VDA 5050 Schnittstelle...' on /technologie/sps-technologie/); integration_capability OPC-UA + MQTT from the same page (SAP|WMS|REST API carried over from the sibling DS records). industries_served 'General Manufacturing' = carried-over company default, not per-product evidence. Abmessungen L 3400 x B 953 x H 2379 mm. Hubhoehe max 100 mm. Nutzlast max 2,0 t. Lastaufnahme Paletten-Gabel 2350 mm (keine AP0-Entsprechung -> nur hier notiert). Geschwindigkeit max 1,8 m/s. Navigation: Kontur, Laser. Energieversorgung automatisches Laden + Batteriewechsel. Batterie Li-NMC (24 V / 208 Ah) / Blei-Gel (24 V / 375 Ah). drive_type 'Pallet Mover' und stacking_capability=False abgeleitet aus 100 mm Hubhoehe (Niederhub kann nicht stapeln) -- JUDGMENT CALL.",100,,,,,True,Pallet EUR|Pallet ISO,ISO 3691-4,VDA 5050 compatible|Open API,SAP|WMS|REST API|OPC-UA|MQTT,General Manufacturing,,,,,,,,,,,,,,,,953,,,3400,PLd,Centralized,,true,,Pallet Mover,,,,,,,,,,,,,,,,,,,,,,,,,,,,,2379,,,,,,,,,,,,,,,,,,,,,,,
recxRgEceUWbaIX2i,true,False,False,Natural Feature (SLAM),,False,recPYeFNde9NYFwMN,Hikrobot F3-1500,2.1,Forklift AGV,Li-Ion,True,,1500,a632f6fd-6fec-4f7a-b64c-708a6135f78f,"FMR (Forklift Mobile Robot) pallet mover. 200mm lifting height = floor-level pallet transport only (not stacking). 1500kg payload, max 2.1 m/s, large footprint 1632×870×1943mm. Laser SLAM navigation, ±10mm accuracy. drive_type=Pallet Mover; forks_free_floating=FALSE (Pallet Mover rule); stacking_capability=FALSE (200mm lift insufficient for rack stacking). Fleet: RCS 2000 (centralized). CE marked. battery_type set to Li-Ion per Hikrobot FMR-range standard (Q7 LMR confirmed LiFePO4, F4 confirmed Li-Ion); F3-1500-specific capacity/charge time not published.

Source: https://www.hikrobotics.com/en/mobilerobot/FMR/",200,,,None,Transport,,Pallet EUR|Pallet ISO,,Proprietary (RCS 2000),WMS,,,,,true,,2100,,Flexible Route,,,,,,Camera/Vision,,870,Map-based,Single plane (2D),1632,,Centralized,,,,Pallet Mover,,,,,,,,,,,,,,,,10,,,,,,,,,,,,,,,,,,,,,,,,,,,,,,,,,,,,
recxYo7hYac9icyRX,,False,False,Magnetic Tape,,False,recP9p8qgd0xM4MWZ,Kivnon K32 Tractor,1,Tugger AGV,Li-Ion|Lead-Acid,False,true,,192953f3-335d-4214-a1d6-1bc714850bcf,kivnon.com/k32; 2000kg towing; 1170x480x1040mm; laser+ultrasound+safety PLC; MANUAL rear-pin (no auto-hitch); magnetic nav; K32 + K32P variants,,,,,,True,None,None (CE/TÜV marks only),VDA 5050 compatible|Open API,MES|ERP|WMS,Automotive|General Manufacturing,,,,,,,,Fixed Route,2000,Tugger + trailers,Manual,Passive caster,,,,,,,,,Centralized,,true,,,,,,,,,,,,,,,,,,,,,,,,,,,,,,,,,,,,,,,,,,,,,,,,,,,,,,
recy1E8Ggps3dBI9g,true,False,False,Natural Feature (SLAM),true,False,recKQlKptnWIwZuc5,Omron LD-60,1.8,Mobile AMR,LiFePO4,True,true,60,7bcefe9f-6593-48a3-a523-c3561521b31e,"Compact transport AMR, 60kg payload. Natural Feature SLAM, no facility modifications required. PLd safety per ISO 13849-1; UL3100 and ISO 3691-4 certified. Battery LiFePO4 72Ah, 12h runtime at full payload, 130-min charge (20-80%). Cleanroom ISO 5 / Class 100 rated. Stop accuracy ±25mm standard target; ±8mm with CAPS/HAPS precision docking. Max slope 8.3% at ≤60kg payload. Fleet FLOW Core max 100 robots; multi-vendor Unified Fleet License supported. LD-60/90 share the same 698×500mm platform.

Source: https://assets.omron.eu/downloads/datasheet/en/v5/i639_ld-series_mobile_robots_datasheet_en.pdf",,,,None,Transport,,Custom Carrier,ISO 3691-4|ANSI/ITSDF B56.5|UL 3100,Proprietary (FLOW Core),WMS|ERP|MES,,,,,true,,,true,Flexible Route,,,,,,,5,500,Map-based,Single plane (2D),698,PLd,Centralized,40,true,8.3,,,,,true,Custom,100,12,130,,,,IP20,,95,,25,,,,,,,,,,,,,,,,,,,,,,,,,,,,,,,,,,,,
recyIOzGMGDv97cFo,true,False,False,Natural Feature (SLAM),true,False,rec9wKPUYC9UYzpqd,Movu ifollow iL 1200,2,Mobile AMR,,True,,1200,2c366b86-d5a7-45b0-838e-0f68e8192fc2,"Underride AMR — heavy-payload variant. Same platform as iL 600 (1340×760×170mm). Payload variants: iL 1000 (1000kg), iL 1200 (1200kg). Navigation: LiDAR + stereoscopic camera SLAM, no infrastructure. Cold-chain capable (-25°C to +40°C). Fleet up to 200 robots. Movu WES (Warehouse Execution System) fleet software. iFollow origin: France 2017, stow Group acquisition 2022, Movu rebrand 2023. Turns on own footprint (rotation_capable=1). Load types: pallets, trolleys/roll containers, cases.

Source: https://www.movu-robotics.com/en/ifollow-amr-robots",,False,,None,Transport|Goods-to-Person,,Pallet EUR|Pallet ISO|Roll Container|Custom Carrier,,Proprietary (Movu WES),WMS,,,,,,,,,Flexible Route,,,,,,,-25,760,Map-based,Single plane (2D),1340,,Centralized,40,,,,,,,,Lift,200,10,120,,,,,,,,,,,,,True,,,,,,,,170,,,,,,,,,,,,,,,,,,,,,,,
recyKgAJxJgI8ELUM,true,False,False,Natural Feature (SLAM),,False,recZV6M2hMDhgBDkn,KNAPP Open Shuttle Boxgrip,1.5,Mobile AMR,LiFePO4,True,,25,bc7e93bc-2734-4e02-b94f-1d7b720007ee,,,False,,,,True,,,,,,,,,,,,,,,,,,,,,,,,,,,,,,,,,,,,,,,,,,,,,,,,,,,,,,,,,,,,,,,,,,,,,,,,,,,,,,,,,,
recyT3Z212EeOI0L5,,False,,Natural Feature (SLAM),true,False,recec5NJHnEhxf10S,Stäubli PF280,1.3,Mobile AMR,,,,60000,e8fb373d-ab65-4dd5-bf70-c72f6f720efb,,,,,,,,,,,,,,,,,,,,,,,,,,,,,,,,,,,,,,true,,,,,,,,,,,,,,,,,,,,,,,,,,,,,,,,,,,,,,,,,,,,,,,,,,,
recyZxmFMeSfjQTcm,,False,False,Natural Feature (SLAM)|Vision,,True,rec9Uhjs9Bt74NUBY,Balyo REACHY (Linde Reach),,Forklift AGV,Li-Ion,True,true,1600,ee458b8c-5177-490a-ad69-02e9ec2f52ad,"balyo.com/reachy; 11m, 1.6t, 2.9m aisle",11000,,Floor|Conveyor|Machine cell|Standard rack|Gravity rack|Shuttle rack|Mobile rack|Workstation|Dock,,,True,Pallet EUR|Pallet ISO,ISO 3691-4 (verify),Proprietary,WMS|ERP|SAP|OPC-UA|Modbus|MES|MQTT|REST API,F&B|3PL|General Manufacturing,,,,,,2900,true,,,,,,Triplex,Camera/Vision|Laser/LiDAR profiling,,,,Full 3D,,PLd,Centralized,,true,,Reach Truck,,,,,,,,,Side-Shift,None,,None,,,,,,,,None,,,,,,,,,,,Manual,true,,,,,,,,,,,,,,,,,,,,
recz93NMqwGEMNcLr,,False,False,Laser Reflector|Natural Feature (SLAM),,True,recyBEW69dWW8Gc30,DS AMADEUS Classic,1.8,Forklift AGV,Li-Ion|Lead-Acid,,true,2000,4650fd93-dfe6-4c82-92ca-6f5e7c931f31,"ds-automotion.com/amadeus; 2t, 2.8m, ±20mm; laser+SLAM; available Classic/Wide/Low/Counter/Grip variants || Manual note from user research, 2026-08-06 (ENRICHMENT ONLY, no existing value overwritten): Energieversorgung automatisches Laden + Batteriewechsel -> battery_swap_capable=True (neu). Batterie Li-NMC (24 V/208 Ah/312 Ah) ODER Blei/Reinblei/Blei-Gel (24 V/375 Ah) -> 'Lead-Acid' zu battery_type ergaenzt. Navigation: Laser, SLAM -> 'Natural Feature (SLAM)' zu navigation_type ergaenzt. Einsatz: Paletten/Gitterboxen laengs, Bodenstellplaetze, Uebergabestationen (mit Radararmen unterfahrbar), Regalanlagen bis 2.700 mm Hoehe. ABWEICHUNG NICHT UEBERSCHRIEBEN: Quelltext nennt Duplex-Mast 85-2880 mm, der Datensatz fuehrt lifting_height=2800 (KO-Feld) -- bewusst unveraendert gelassen und geflaggt.",2880,,,,,True,Pallet EUR|Pallet ISO|Custom Carrier,ISO 3691-4|EN 1525 (legacy),VDA 5050 compatible|Open API,SAP|WMS|REST API,Automotive|General Manufacturing|F&B|Pharma,,,,,,,true,,,,,,,Camera/Vision|Laser/LiDAR profiling,,,,,,,Centralized,,true,,Straddle Stacker,,,,,,,,,Side-Shift,,,,,,20,,,,,,,,,,,,,,,20,,,,,,,,,,,,,,,,,,,,,,
reczBofl5dpd3ZGLS,,False,False,Laser Reflector|Natural Feature (SLAM),,True,recHgsU2a7gTZw1R5,Toyota Autopilot SAI125CB,2.22,Forklift AGV,Li-Ion,,true,1250,96a59896-6db5-41ee-8f01-9330a5eabd30,"Swarm Automation Transport flagship. Dual navigation (reflector OR natural SLAM, or combined). Min aisle width from product page ('3m rack aisle'). Forks free-floating confirmed: 'counterweight and free-hanging forks, eliminating the need for support arms'. Handles open EU pallets AND closed double-deck pallets in same workflow. Auto-charging Li-Ion 300Ah standard.

Source: https://toyota-forklifts.eu/automated-solutions/automated-counterbalanced-stacker/",5400,,,,Transport,,Pallet EUR|Pallet ISO|Roll Container,ISO 3691-4,Proprietary (T-ONE),WMS|ERP,,True,True,,,,3000,true,Flexible Route,,,,,,,,,Map-based,Single plane (2D),,,Centralized,,,,Counterbalanced,,,,,,,,,,,,,,,,,,True,,,,,,,,,,,,,,,,,,,,,,,,,,,,,,,,,,
reczfpgOxBGmc9pYC,true,False,False,Natural Feature (SLAM),true,False,recklFhR8Q0DQ2sZz,OTTO 1500,2,Mobile AMR,,True,true,1900,dad2739a-c8f9-4eb5-9e9a-804f7bb60753,OEM ottomotors.com — HIGH confidence. WARNING: 'OTTO 1500' = 1900kg actual payload. Model number is NOT the payload.,,,,,,True,,,,,,,,,,,,,,,,,,,,,,,,,,,,,,,,,,,,,,,,,,,,,,,,,,,,,,,,,,,,,,,,,,,,,,,,,,,,,,,,,,
reczlwgLcdzq3KVv1,,False,False,Laser Reflector|Natural Feature (SLAM),,True,reco29VTnRbLwGb6z,Jungheinrich ERC 213a,,Forklift AGV,Li-Ion,,true,1300,57d47685-c369-4f06-8ab1-9c357cef4182,jungheinrich.com/sauer-polymertechnik; ±20mm positioning accuracy; 360° person-protection scanner,4400,,,,,,Pallet EUR,ISO 3691-4,Proprietary,SAP|WMS,General Manufacturing,,,,,,,true,,,,,,,,,,,,,,,,,,Reach Truck,,,,,,,,,,,,,,,20,,,,,,,,,,,,,,2150,20,,,,,,,,,,,,,,,,,,,,,,
reczowoJVjfoO0LWf,,False,False,Natural Feature (SLAM),,True,reciADJpeY7qcTrFI,VisionNav VNE20,,Forklift AGV,,True,true,2000,50e0c99f-9b07-4e9a-b52e-61aedbda7163,"OEM visionnav.com VNE20 — HIGH confidence. Aisle 3760mm PM-verified (standard aisle, NOT VNA). Lift 3000mm std.",3000,,,,,,,,,,,,,,,,3760,,,,,,,,,,,,,,,,,,,,,,,,,,,,,,,,,,,,,,,,,,,,,,,,,,,,,,,,,,,,,,,,,,,,,,,
